L,n,paired,profile,rung2_coefficient_sse,rung2_reconstruction_sse,rung3_coefficient_sse,rung3_minus_rung2_reconstruction_sse,rung3_reconstruction_sse,subset_seed
1,6,True,rings_hamming,0.002018103381016135,0.007294351606762304,0.25920438575646493,-0.00041434568363175363,0.00688000592313055,0
1,6,True,rings_hamming,0.002018103381016135,0.007294351606762304,0.03257497442995301,2.8524712878388522e-05,0.007322876319640692,1
1,6,True,rings_hamming,0.002018103381016135,0.007294351606762304,0.5269762397966967,-0.00023357704568457288,0.007060774561077731,2
1,6,True,rings_hamming,0.002018103381016135,0.007294351606762304,0.2556952189878447,3.614821894796713e-05,0.007330499825710271,3
1,6,True,rings_hamming,0.002018103381016135,0.007294351606762304,0.016173987697585615,-3.2204962637890494e-05,0.007262146644124413,4
1,6,True,rings_hamming,0.002018103381016135,0.007294351606762304,0.13143499991765384,-0.0004126857151219177,0.006881665891640386,5
1,6,True,rings_hamming,0.002018103381016135,0.007294351606762304,0.04381246605262204,-0.004881044385746767,0.002413307221015537,6
1,6,True,rings_hamming,0.002018103381016135,0.007294351606762304,0.12380359101773382,-0.00010129763099008243,0.007193053975772221,7
1,6,True,rings_hamming,0.002018103381016135,0.007294351606762304,0.16324782656958522,-0.004147228008314034,0.00314712359844827,8
1,6,True,rings_hamming,0.002018103381016135,0.007294351606762304,0.4100583475221725,-0.0009841866423669406,0.006310164964395363,9
1,6,True,rings_hamming,0.002018103381016135,0.007294351606762304,0.14950762802673379,-0.0004134220112436346,0.006880929595518669,10
1,6,True,rings_hamming,0.002018103381016135,0.007294351606762304,0.04069968197432896,-0.0010610328251484174,0.006233318781613886,11
1,6,True,rings_hamming,0.002018103381016135,0.007294351606762304,0.2312100555845038,-3.68687211679446e-05,0.007257482885594359,12
1,6,True,rings_hamming,0.002018103381016135,0.007294351606762304,0.5157471533514618,-0.00047506398871645025,0.0068192876180458535,13
1,6,True,rings_hamming,0.002018103381016135,0.007294351606762304,0.5975477591955194,-0.0008412850606091208,0.006453066546153183,14
1,6,True,rings_hamming,0.002018103381016135,0.007294351606762304,0.10483254102632865,-0.00045128457422744916,0.006843067032534855,15
1,6,True,rings_hamming,0.002018103381016135,0.007294351606762304,0.12910192283777125,-0.0004063488037555473,0.006888002803006756,16
1,6,True,rings_hamming,0.002018103381016135,0.007294351606762304,0.10364264568961665,-0.0006370412556095861,0.006657310351152718,17
1,6,True,rings_hamming,0.002018103381016135,0.007294351606762304,0.40294894613895565,2.6500681947204917e-05,0.007320852288709509,18
1,6,True,rings_hamming,0.002018103381016135,0.007294351606762304,0.002167172863809309,3.6668219194156866e-05,0.007331019825956461,19
1,6,True,rings_hamming,0.002018103381016135,0.007294351606762304,0.41125371877268163,-0.0009851274453759936,0.00630922416138631,20
1,6,True,rings_hamming,0.002018103381016135,0.007294351606762304,0.8372744167183599,-2.434683436429875e-05,0.007270004772398005,21
1,6,True,rings_hamming,0.002018103381016135,0.007294351606762304,0.49052962186650184,-0.0002358490361182037,0.0070585025706441,22
1,6,True,rings_hamming,0.002018103381016135,0.007294351606762304,0.021346991031795926,-0.00020717912754811794,0.007087172479214186,23
1,6,True,rings_hamming,0.002018103381016135,0.007294351606762304,0.3091497955305706,-0.00021373408903759689,0.007080617517724707,24
1,6,True,rings_hamming,0.002018103381016135,0.007294351606762304,0.40183245491843816,2.5679962456300227e-05,0.007320031569218604,25
1,6,True,rings_hamming,0.002018103381016135,0.007294351606762304,0.10437905254022915,-0.0004040116884341293,0.0068903399183281745,26
1,6,True,rings_hamming,0.002018103381016135,0.007294351606762304,0.1780075586201135,-0.0011131809756154245,0.006181170631146879,27
1,6,True,rings_hamming,0.002018103381016135,0.007294351606762304,0.5124221949632163,3.28175031806769e-05,0.007327169109942981,28
1,6,True,rings_hamming,0.002018103381016135,0.007294351606762304,0.0059604024050182326,-9.545331794693843e-07,0.007293397073582834,29
1,6,True,rings_hamming,0.002018103381016135,0.007294351606762304,0.03106351125260409,-0.00019774133379175073,0.007096610272970553,30
1,6,True,rings_hamming,0.002018103381016135,0.007294351606762304,0.0024542507554720224,3.567719326447866e-05,0.007330028800026782,31
1,6,True,rings_hamming,0.002018103381016135,0.007294351606762304,0.40204293105168715,3.925357037968657e-05,0.00733360517714199,32
1,6,True,rings_hamming,0.002018103381016135,0.007294351606762304,0.41259789444997097,-0.00020710018007336854,0.007087251426688935,33
1,6,True,rings_hamming,0.002018103381016135,0.007294351606762304,0.012456085067421921,-0.0010062354712038792,0.006288116135558425,34
1,6,True,rings_hamming,0.002018103381016135,0.007294351606762304,0.25923523242943375,-0.000478087309897398,0.006816264296864906,35
1,6,True,rings_hamming,0.002018103381016135,0.007294351606762304,0.015156288776504226,-0.0002424278526449962,0.0070519237541173075,36
1,6,True,rings_hamming,0.002018103381016135,0.007294351606762304,0.0024702615403037536,2.2690210680019127e-05,0.007317041817442323,37
1,6,True,rings_hamming,0.002018103381016135,0.007294351606762304,0.18500021851648657,3.8500975129461025e-05,0.007332852581891765,38
1,6,True,rings_hamming,0.002018103381016135,0.007294351606762304,0.029736429981433415,3.934640482665744e-05,0.007333698011588961,39
1,6,True,rings_hamming,0.002018103381016135,0.007294351606762304,0.041445360792422455,-0.0007034801232706353,0.0065908714834916685,40
1,6,True,rings_hamming,0.002018103381016135,0.007294351606762304,0.48201283220030444,-0.0014877722842096888,0.005806579322552615,41
1,6,True,rings_hamming,0.002018103381016135,0.007294351606762304,0.04944812887126736,-0.00018210203719916385,0.00711224956956314,42
1,6,True,rings_hamming,0.002018103381016135,0.007294351606762304,0.004720322620206287,2.2793030347236995e-05,0.007317144637109541,43
1,6,True,rings_hamming,0.002018103381016135,0.007294351606762304,0.11699935999477738,-0.0014622119281557724,0.005832139678606531,44
1,6,True,rings_hamming,0.002018103381016135,0.007294351606762304,0.11450774206377903,3.284475773634218e-05,0.007327196364498646,45
1,6,True,rings_hamming,0.002018103381016135,0.007294351606762304,0.003896285956620939,3.568851401635192e-05,0.007330040120778656,46
1,6,True,rings_hamming,0.002018103381016135,0.007294351606762304,0.032780589541650314,3.6170739674386276e-05,0.00733052234643669,47
1,6,True,rings_hamming,0.002018103381016135,0.007294351606762304,0.027562295176145783,-0.0012330549341757766,0.006061296672586527,48
1,6,True,rings_hamming,0.002018103381016135,0.007294351606762304,0.40150784535390455,2.7173841691800586e-05,0.007321525448454104,49
1,6,True,rings_hamming,0.002018103381016135,0.007294351606762304,0.7969718261303516,-2.1780657440510776e-05,0.007272570949321793,50
1,6,True,rings_hamming,0.002018103381016135,0.007294351606762304,0.02547093301860682,-0.00021038281745891074,0.007083968789303393,51
1,6,True,rings_hamming,0.002018103381016135,0.007294351606762304,0.0029421516028470306,3.5934311002831613e-05,0.007330285917765135,52
1,6,True,rings_hamming,0.002018103381016135,0.007294351606762304,0.008053174443174736,-0.0041760378173866484,0.003118313789375655,53
1,6,True,rings_hamming,0.002018103381016135,0.007294351606762304,0.05193219235337472,-0.0006968797560064858,0.006597471850755818,54
1,6,True,rings_hamming,0.002018103381016135,0.007294351606762304,0.10196162955555303,-0.00040701967120529425,0.0068873319355570095,55
1,6,True,rings_hamming,0.002018103381016135,0.007294351606762304,0.0021781020222914342,-4.3614454476132054e-05,0.007250737152286172,56
1,6,True,rings_hamming,0.002018103381016135,0.007294351606762304,0.11872520102675559,-0.0004539215540704184,0.006840430052691885,57
1,6,True,rings_hamming,0.002018103381016135,0.007294351606762304,0.055885471780114625,-0.0006969049803805839,0.00659744662638172,58
1,6,True,rings_hamming,0.002018103381016135,0.007294351606762304,0.5269708141263219,-0.001172870114972851,0.006121481491789453,59
1,6,True,rings_hamming,0.002018103381016135,0.007294351606762304,0.16225356845453312,-8.069798624656295e-05,0.007213653620515741,60
1,6,True,rings_hamming,0.002018103381016135,0.007294351606762304,0.0685249665406995,-0.0002070996623373747,0.007087251944424929,61
1,6,True,rings_hamming,0.002018103381016135,0.007294351606762304,0.13401312623265887,-0.0004386636460727237,0.00685568796068958,62
1,6,True,rings_hamming,0.002018103381016135,0.007294351606762304,0.012505443181375614,-7.61651346675241e-05,0.00721818647209478,63
1,6,True,rings_hamming,0.002018103381016135,0.007294351606762304,0.4009367934731051,3.76033819021529e-05,0.007331954988664457,64
1,6,True,rings_hamming,0.002018103381016135,0.007294351606762304,0.014248807681806912,3.2323964226587364e-05,0.007326675570988891,65
1,6,True,rings_hamming,0.002018103381016135,0.007294351606762304,0.005709640188904257,-7.798866761715966e-05,0.007216362939145144,66
1,6,True,rings_hamming,0.002018103381016135,0.007294351606762304,0.04313770259026528,-0.0009844126379273148,0.006309938968834989,67
1,6,True,rings_hamming,0.002018103381016135,0.007294351606762304,0.4140180553708634,-3.147461676235048e-05,0.007262876989999953,68
1,6,True,rings_hamming,0.002018103381016135,0.007294351606762304,0.11772068387923296,-1.5041249899137334e-05,0.007279310356863166,69
1,6,True,rings_hamming,0.002018103381016135,0.007294351606762304,0.6355590690565113,-0.004291538725636675,0.003002812881125629,70
1,6,True,rings_hamming,0.002018103381016135,0.007294351606762304,0.027238877387356735,3.862022899597372e-05,0.0073329718357582774,71
1,6,True,rings_hamming,0.002018103381016135,0.007294351606762304,0.10307778997501536,-0.00042009124409383893,0.006874260362668465,72
1,6,True,rings_hamming,0.002018103381016135,0.007294351606762304,0.40902614549314326,-3.125469633888985e-05,0.007263096910423414,73
1,6,True,rings_hamming,0.002018103381016135,0.007294351606762304,0.2580007469388884,-0.000236830707801239,0.007057520898961065,74
1,6,True,rings_hamming,0.002018103381016135,0.007294351606762304,0.047414657773911545,-0.0007747164657625266,0.006519635140999777,75
1,6,True,rings_hamming,0.002018103381016135,0.007294351606762304,0.036197809653878074,-0.00010059089399924552,0.007193760712763058,76
1,6,True,rings_hamming,0.002018103381016135,0.007294351606762304,0.4714066791889836,-0.00046980248976565605,0.006824549116996648,77
1,6,True,rings_hamming,0.002018103381016135,0.007294351606762304,0.23028203899388924,3.540760711598628e-05,0.00732975921387829,78
1,6,True,rings_hamming,0.002018103381016135,0.007294351606762304,0.00646097231579168,-0.00029873339305262325,0.0069956182137096805,79
1,6,True,rings_hamming,0.002018103381016135,0.007294351606762304,0.01627272786472417,9.164387626099495e-06,0.007303515994388403,80
1,6,True,rings_hamming,0.002018103381016135,0.007294351606762304,0.008016952484477731,-3.3884447060044884e-05,0.007260467159702259,81
1,6,True,rings_hamming,0.002018103381016135,0.007294351606762304,0.03327638255455441,-0.00022009954372445226,0.0070742520630378515,82
1,6,True,rings_hamming,0.002018103381016135,0.007294351606762304,0.031854534000180054,-0.00015620923808641954,0.007138142368675884,83
1,6,True,rings_hamming,0.002018103381016135,0.007294351606762304,0.030392061926247216,9.62739915241241e-06,0.007303979005914716,84
1,6,True,rings_hamming,0.002018103381016135,0.007294351606762304,0.0040782694000099425,3.153296334556903e-05,0.007325884570107873,85
1,6,True,rings_hamming,0.002018103381016135,0.007294351606762304,0.23161325918573936,3.603852216843041e-05,0.007330390128930734,86
1,6,True,rings_hamming,0.002018103381016135,0.007294351606762304,0.027229709286763437,2.9867484961467947e-05,0.007324219091723772,87
1,6,True,rings_hamming,0.002018103381016135,0.007294351606762304,0.006833352515893956,2.936009351165933e-05,0.007323711700273963,88
1,6,True,rings_hamming,0.002018103381016135,0.007294351606762304,0.4705234252975161,-0.0004784452935321362,0.0068159063132301675,89
1,6,True,rings_hamming,0.002018103381016135,0.007294351606762304,0.002706394157895146,3.353639711581053e-05,0.007327888003878114,90
1,6,True,rings_hamming,0.002018103381016135,0.007294351606762304,0.4006753218039448,-0.00019790359288051826,0.0070964480138817855,91
1,6,True,rings_hamming,0.002018103381016135,0.007294351606762304,0.01240314573858516,-0.00021146279809949355,0.00708288880866281,92
1,6,True,rings_hamming,0.002018103381016135,0.007294351606762304,0.0037282637889270776,-3.221333896092152e-05,0.007262138267801382,93
1,6,True,rings_hamming,0.002018103381016135,0.007294351606762304,0.14511482713616022,-0.004123387306199456,0.0031709643005628486,94
1,6,True,rings_hamming,0.002018103381016135,0.007294351606762304,0.0010523422173048444,2.9693609576267842e-05,0.007324045216338572,95
1,6,True,rings_hamming,0.002018103381016135,0.007294351606762304,0.6118867859092391,2.556934572056982e-05,0.0073199209524828735,96
1,6,True,rings_hamming,0.002018103381016135,0.007294351606762304,0.029632752343298357,-0.0011758394798839725,0.006118512126878331,97
1,6,True,rings_hamming,0.002018103381016135,0.007294351606762304,1.0220766193853617,3.7152724532375433e-05,0.007331504331294679,98
1,6,True,rings_hamming,0.002018103381016135,0.007294351606762304,0.2624110198660893,3.850571132545718e-05,0.007332857318087761,99
1,6,True,rings_hamming,0.002018103381016135,0.007294351606762304,0.5949051158585207,-0.0014300902833845452,0.0058642613233777586,100
1,6,True,rings_hamming,0.002018103381016135,0.007294351606762304,0.10189569629921005,-0.0004066135376476357,0.006887738069114668,101
1,6,True,rings_hamming,0.002018103381016135,0.007294351606762304,0.40318050459662436,3.9354960913165135e-06,0.00729828710285362,102
1,6,True,rings_hamming,0.002018103381016135,0.007294351606762304,0.7110793798150369,3.8312355597267325e-05,0.007332663962359571,103
1,6,True,rings_hamming,0.002018103381016135,0.007294351606762304,0.10313478746148523,-0.004500181296313785,0.0027941703104485192,104
1,6,True,rings_hamming,0.002018103381016135,0.007294351606762304,0.04808694096276107,-0.0010324228864438852,0.0062619287203184186,105
1,6,True,rings_hamming,0.002018103381016135,0.007294351606762304,0.01931662475737552,-0.001036349829292166,0.006258001777470138,106
1,6,True,rings_hamming,0.002018103381016135,0.007294351606762304,0.007675505175867102,-0.00022425860625097539,0.007070093000511328,107
1,6,True,rings_hamming,0.002018103381016135,0.007294351606762304,0.014101451104884486,-0.000997868340398749,0.006296483266363555,108
1,6,True,rings_hamming,0.002018103381016135,0.007294351606762304,0.5848250348761543,-6.72198159729371e-05,0.007227131790789367,109
1,6,True,rings_hamming,0.002018103381016135,0.007294351606762304,0.4740957687140431,9.470372600772423e-06,0.007303821979363076,110
1,6,True,rings_hamming,0.002018103381016135,0.007294351606762304,0.47026517500142434,3.9019364670361996e-05,0.007333370971432666,111
1,6,True,rings_hamming,0.002018103381016135,0.007294351606762304,0.9966419882217336,-0.00027144939376186946,0.007022902213000434,112
1,6,True,rings_hamming,0.002018103381016135,0.007294351606762304,0.14291456434074443,3.4580454205534496e-05,0.007328932060967838,113
1,6,True,rings_hamming,0.002018103381016135,0.007294351606762304,0.0023356008818596293,3.547572581421004e-05,0.007329827332576514,114
1,6,True,rings_hamming,0.002018103381016135,0.007294351606762304,0.011095742406233908,-6.797425793987968e-05,0.007226377348822424,115
1,6,True,rings_hamming,0.002018103381016135,0.007294351606762304,0.011231282233550292,-8.179976352283656e-05,0.007212551843239467,116
1,6,True,rings_hamming,0.002018103381016135,0.007294351606762304,0.41275434822316,-0.0009841952511345838,0.00631015635562772,117
1,6,True,rings_hamming,0.002018103381016135,0.007294351606762304,0.01661362852542221,-0.00023694316262636277,0.007057408444135941,118
1,6,True,rings_hamming,0.002018103381016135,0.007294351606762304,0.8678709173353151,3.90903470034289e-05,0.007333441953765733,119
1,6,True,rings_hamming,0.002018103381016135,0.007294351606762304,0.015049090356441865,3.1344451603651166e-05,0.007325696058365955,120
1,6,True,rings_hamming,0.002018103381016135,0.007294351606762304,0.42302578216517955,-0.00021252074250693257,0.007081830864255371,121
1,6,True,rings_hamming,0.002018103381016135,0.007294351606762304,0.12064798463925783,-6.904163296402293e-05,0.007225309973798281,122
1,6,True,rings_hamming,0.002018103381016135,0.007294351606762304,0.0010721542991585945,4.640343836862827e-06,0.0072989919505991666,123
1,6,True,rings_hamming,0.002018103381016135,0.007294351606762304,0.909879549108633,-0.000652816925617616,0.006641534681144688,124
1,6,True,rings_hamming,0.002018103381016135,0.007294351606762304,0.002941398305911129,-0.004279439099321077,0.0030149125074412273,125
1,6,True,rings_hamming,0.002018103381016135,0.007294351606762304,0.0005920323074692338,2.1774581963524692e-05,0.007316126188725828,126
1,6,True,rings_hamming,0.002018103381016135,0.007294351606762304,0.020588308403383708,2.1526720816972093e-05,0.007315878327579276,127
1,6,True,rings_hamming,0.002018103381016135,0.007294351606762304,0.4706807995901233,3.8192163466523564e-05,0.007332543770228827,128
1,6,True,rings_hamming,0.002018103381016135,0.007294351606762304,0.7105137362144001,-0.0002072379465177937,0.00708711366024451,129
1,6,True,rings_hamming,0.002018103381016135,0.007294351606762304,0.26897389241832587,-0.0006509697215658812,0.0066433818851964225,130
1,6,True,rings_hamming,0.002018103381016135,0.007294351606762304,0.016850293113348038,2.091791730834177e-05,0.0073152695240706455,131
1,6,True,rings_hamming,0.002018103381016135,0.007294351606762304,0.47654540267090273,-0.0005689955296627903,0.0067253560770995134,132
1,6,True,rings_hamming,0.002018103381016135,0.007294351606762304,0.013403389534851618,-0.00021760089829526725,0.0070767507084670365,133
1,6,True,rings_hamming,0.002018103381016135,0.007294351606762304,0.03292312580166683,5.080349860884376e-07,0.007294859641748392,134
1,6,True,rings_hamming,0.002018103381016135,0.007294351606762304,0.029165797548023543,3.9166109635630636e-05,0.007333517716397934,135
1,6,True,rings_hamming,0.002018103381016135,0.007294351606762304,0.0116113706232879,-0.0009852190516806561,0.006309132555081648,136
1,6,True,rings_hamming,0.002018103381016135,0.007294351606762304,0.40066764361617757,3.92331241384292e-05,0.007333584730900733,137
1,6,True,rings_hamming,0.002018103381016135,0.007294351606762304,0.029461691987414412,4.157030024693094e-06,0.007298508636786997,138
1,6,True,rings_hamming,0.002018103381016135,0.007294351606762304,0.03234418035133999,4.067982048264716e-06,0.0072984195888105684,139
1,6,True,rings_hamming,0.002018103381016135,0.007294351606762304,0.4931173993282983,-0.00025653885945954753,0.007037812747302756,140
1,6,True,rings_hamming,0.002018103381016135,0.007294351606762304,0.4459169022142849,-0.0003254442380830726,0.006968907368679231,141
1,6,True,rings_hamming,0.002018103381016135,0.007294351606762304,0.0023935245788878107,-0.00023361895268452903,0.007060732654077775,142
1,6,True,rings_hamming,0.002018103381016135,0.007294351606762304,0.04071263379822268,-0.0009463199005630843,0.006348031706199219,143
1,6,True,rings_hamming,0.002018103381016135,0.007294351606762304,0.4193044077370022,-0.0007604444031672989,0.006533907203595005,144
1,6,True,rings_hamming,0.002018103381016135,0.007294351606762304,0.004314434563762253,7.445336843159289e-07,0.00729509614044662,145
1,6,True,rings_hamming,0.002018103381016135,0.007294351606762304,0.03394145618664804,-6.549599257457857e-05,0.007228855614187725,146
1,6,True,rings_hamming,0.002018103381016135,0.007294351606762304,0.04655493625470597,-0.00022787493323638344,0.00706647667352592,147
1,6,True,rings_hamming,0.002018103381016135,0.007294351606762304,0.7677351013683567,-2.4878875599780928e-05,0.007269472731162523,148
1,6,True,rings_hamming,0.002018103381016135,0.007294351606762304,0.10311307903124353,-0.00040423173475398304,0.006890119872008321,149
1,6,True,rings_hamming,0.002018103381016135,0.007294351606762304,0.3327526975174821,-0.0004205365622422163,0.006873815044520087,150
1,6,True,rings_hamming,0.002018103381016135,0.007294351606762304,0.4721569752371291,-3.426663866562714e-05,0.007260084968096677,151
1,6,True,rings_hamming,0.002018103381016135,0.007294351606762304,0.027740435449752188,-0.0002720642544862314,0.007022287352276072,152
1,6,True,rings_hamming,0.002018103381016135,0.007294351606762304,0.4006718431367516,-0.0002109620970001556,0.007083389509762148,153
1,6,True,rings_hamming,0.002018103381016135,0.007294351606762304,0.0477818461334152,-0.0007492479573752162,0.0065451036493870875,154
1,6,True,rings_hamming,0.002018103381016135,0.007294351606762304,0.027335233004340972,-0.0005116981849746368,0.006782653421787667,155
1,6,True,rings_hamming,0.002018103381016135,0.007294351606762304,0.47030432906597636,-0.00021362495625152755,0.007080726650510776,156
1,6,True,rings_hamming,0.002018103381016135,0.007294351606762304,0.01740663929898949,3.195773270669739e-05,0.007326309339469001,157
1,6,True,rings_hamming,0.002018103381016135,0.007294351606762304,0.026304478082039444,3.3992878695670095e-05,0.007328344485457974,158
1,6,True,rings_hamming,0.002018103381016135,0.007294351606762304,0.03862295152192543,-0.00020710836490787227,0.0070872432418544315,159
1,6,True,rings_hamming,0.002018103381016135,0.007294351606762304,0.012504685879903945,-0.00021229260623370494,0.007082059000528599,160
1,6,True,rings_hamming,0.002018103381016135,0.007294351606762304,0.47077902386271847,3.649322405936163e-05,0.007330844830821665,161
1,6,True,rings_hamming,0.002018103381016135,0.007294351606762304,0.0006427646725936041,1.635902030461961e-05,0.007310710627066923,162
1,6,True,rings_hamming,0.002018103381016135,0.007294351606762304,0.030190695678498677,-1.2350043245614936e-05,0.007282001563516689,163
1,6,True,rings_hamming,0.002018103381016135,0.007294351606762304,0.01243071216004955,-0.0009875979603072198,0.006306753646455084,164
1,6,True,rings_hamming,0.002018103381016135,0.007294351606762304,0.1284826461440964,3.543398547802522e-05,0.007329785592240329,165
1,6,True,rings_hamming,0.002018103381016135,0.007294351606762304,0.46938339752537656,-0.004050173909236629,0.003244177697525674,166
1,6,True,rings_hamming,0.002018103381016135,0.007294351606762304,0.6278029730945336,-0.0015613435223734463,0.005733008084388857,167
1,6,True,rings_hamming,0.002018103381016135,0.007294351606762304,0.4141206332081662,-0.00044811944200872506,0.006846232164753579,168
1,6,True,rings_hamming,0.002018103381016135,0.007294351606762304,0.38471934308109823,-2.1713746336145257e-05,0.0072726378604261585,169
1,6,True,rings_hamming,0.002018103381016135,0.007294351606762304,0.39174767502166047,-0.00022700319800396732,0.007067348408758336,170
1,6,True,rings_hamming,0.002018103381016135,0.007294351606762304,0.3770727256377334,-0.0003639104925399674,0.006930441114222336,171
1,6,True,rings_hamming,0.002018103381016135,0.007294351606762304,0.6242929642295104,3.338558402132992e-05,0.007327737190783634,172
1,6,True,rings_hamming,0.002018103381016135,0.007294351606762304,0.5804684945639262,3.1155264672379224e-05,0.007325506871434683,173
1,6,True,rings_hamming,0.002018103381016135,0.007294351606762304,0.020036592715181826,-0.004149444500984268,0.0031449071057780354,174
1,6,True,rings_hamming,0.002018103381016135,0.007294351606762304,0.003929189078752053,3.1526692937875085e-05,0.007325878299700179,175
1,6,True,rings_hamming,0.002018103381016135,0.007294351606762304,0.00723073950230438,-4.4330437907492797e-05,0.007250021168854811,176
1,6,True,rings_hamming,0.002018103381016135,0.007294351606762304,0.16686089691225914,-0.0002232921612689634,0.00707105944549334,177
1,6,True,rings_hamming,0.002018103381016135,0.007294351606762304,0.4824294211751999,-0.0010049956380794962,0.0062893559686828075,178
1,6,True,rings_hamming,0.002018103381016135,0.007294351606762304,0.010661254488045073,-9.536823306110099e-05,0.007198983373701203,179
1,6,True,rings_hamming,0.002018103381016135,0.007294351606762304,0.004902748421819238,-1.1845852672627728e-05,0.007282505754089676,180
1,6,True,rings_hamming,0.002018103381016135,0.007294351606762304,0.37087883290474194,-6.719417494149751e-05,0.007227157431820806,181
1,6,True,rings_hamming,0.002018103381016135,0.007294351606762304,0.18988656171259488,-0.00020210410354786369,0.00709224750321444,182
1,6,True,rings_hamming,0.002018103381016135,0.007294351606762304,0.006238209348545836,-6.214000679563916e-05,0.0072322115999666646,183
1,6,True,rings_hamming,0.002018103381016135,0.007294351606762304,0.15602956938709633,-0.0040526094560645745,0.003241742150697729,184
1,6,True,rings_hamming,0.002018103381016135,0.007294351606762304,0.020371373454692865,-0.00024744965978983156,0.007046901946972472,185
1,6,True,rings_hamming,0.002018103381016135,0.007294351606762304,0.007740035106490723,-1.1177621967495971e-05,0.007283173984794808,186
1,6,True,rings_hamming,0.002018103381016135,0.007294351606762304,0.0013162639818585342,3.672619468085298e-05,0.007331077801443157,187
1,6,True,rings_hamming,0.002018103381016135,0.007294351606762304,0.017500534340591897,6.514468010931224e-06,0.007300866074773235,188
1,6,True,rings_hamming,0.002018103381016135,0.007294351606762304,0.01759063449832819,3.934987695414834e-05,0.007333701483716452,189
1,6,True,rings_hamming,0.002018103381016135,0.007294351606762304,0.0018529294249628047,2.8992199437799862e-05,0.007323343806200104,190
1,6,True,rings_hamming,0.002018103381016135,0.007294351606762304,0.11434216042133394,-0.00019842367709506023,0.0070959279296672435,191
1,6,True,rings_hamming,0.002018103381016135,0.007294351606762304,0.030326593410703772,1.613504201750625e-05,0.00731048664877981,192
1,6,True,rings_hamming,0.002018103381016135,0.007294351606762304,0.4724859699474612,3.6485434262105605e-05,0.007330837041024409,193
1,6,True,rings_hamming,0.002018103381016135,0.007294351606762304,0.41692987469192694,9.603974510496126e-06,0.0073039555812728,194
1,6,True,rings_hamming,0.002018103381016135,0.007294351606762304,0.10440663526395567,-0.00041355192387430937,0.006880799682887994,195
1,6,True,rings_hamming,0.002018103381016135,0.007294351606762304,0.04711686014525256,-5.5231403936276124e-06,0.007288828466368676,196
1,6,True,rings_hamming,0.002018103381016135,0.007294351606762304,0.03137961137044112,-6.220240383993016e-05,0.0072321492029223736,197
1,6,True,rings_hamming,0.002018103381016135,0.007294351606762304,0.029762396919823467,6.52537372648667e-06,0.00730087698048879,198
1,6,True,rings_hamming,0.002018103381016135,0.007294351606762304,0.019975693921952642,-0.0001934312435838562,0.0071009203631784475,199
2,6,True,rings_hamming,0.4187415359812074,0.0019448232022302595,0.11865681680393737,0.004799726921540566,0.006744550123770825,0
2,6,True,rings_hamming,0.4187415359812074,0.0019448232022302595,0.41802242686071756,0.0006944353107610863,0.002639258512991346,1
2,6,True,rings_hamming,0.4187415359812074,0.0019448232022302595,0.5252711777097285,0.004443582850694534,0.006388406052924793,2
2,6,True,rings_hamming,0.4187415359812074,0.0019448232022302595,0.8591227372369761,0.004235697289183215,0.006180520491413474,3
2,6,True,rings_hamming,0.4187415359812074,0.0019448232022302595,1.2974374739614276,0.0009825104617764567,0.002927333664006716,4
2,6,True,rings_hamming,0.4187415359812074,0.0019448232022302595,0.1852953416385275,-0.0011824215566171754,0.0007624016456130839,5
2,6,True,rings_hamming,0.4187415359812074,0.0019448232022302595,1.45077964856177,0.0038227486658226452,0.005767571868052905,6
2,6,True,rings_hamming,0.4187415359812074,0.0019448232022302595,1.2107490878772618,0.003422049809304709,0.005366873011534969,7
2,6,True,rings_hamming,0.4187415359812074,0.0019448232022302595,0.47464073758385034,0.004501260942912513,0.006446084145142772,8
2,6,True,rings_hamming,0.4187415359812074,0.0019448232022302595,0.2667559775798704,0.004778061625603109,0.006722884827833369,9
2,6,True,rings_hamming,0.4187415359812074,0.0019448232022302595,0.42697421922702616,0.0031416634088353096,0.005086486611065569,10
2,6,True,rings_hamming,0.4187415359812074,0.0019448232022302595,0.5449911651786229,0.0032269127174770233,0.005171735919707283,11
2,6,True,rings_hamming,0.4187415359812074,0.0019448232022302595,0.6674017242713799,0.004583885653470744,0.006528708855701003,12
2,6,True,rings_hamming,0.4187415359812074,0.0019448232022302595,1.3939912773342853,0.0045369241912254395,0.006481747393455699,13
2,6,True,rings_hamming,0.4187415359812074,0.0019448232022302595,0.9908595128819736,0.005111860746448069,0.007056683948678329,14
2,6,True,rings_hamming,0.4187415359812074,0.0019448232022302595,0.6656942215343886,-9.739832309981411e-05,0.0018474248791304454,15
2,6,True,rings_hamming,0.4187415359812074,0.0019448232022302595,0.39290741671041407,0.004802291246913188,0.0067471144491434475,16
2,6,True,rings_hamming,0.4187415359812074,0.0019448232022302595,0.8369530958650905,0.0002423790837729465,0.002187202286003206,17
2,6,True,rings_hamming,0.4187415359812074,0.0019448232022302595,0.6091707237233592,0.0035881155495365857,0.005532938751766845,18
2,6,True,rings_hamming,0.4187415359812074,0.0019448232022302595,0.5934136003929408,0.004211222578977821,0.006156045781208081,19
2,6,True,rings_hamming,0.4187415359812074,0.0019448232022302595,0.7653878889933337,0.005323778814056553,0.007268602016286813,20
2,6,True,rings_hamming,0.4187415359812074,0.0019448232022302595,0.05181027524650425,0.0051371090293752955,0.007081932231605555,21
2,6,True,rings_hamming,0.4187415359812074,0.0019448232022302595,0.688468569492369,0.0034909888007856387,0.005435812003015898,22
2,6,True,rings_hamming,0.4187415359812074,0.0019448232022302595,0.8836147343465338,0.004887859044757174,0.006832682246987434,23
2,6,True,rings_hamming,0.4187415359812074,0.0019448232022302595,0.7658359259699069,0.0009015304963053113,0.002846353698535571,24
2,6,True,rings_hamming,0.4187415359812074,0.0019448232022302595,0.5242338188715727,0.0035833143961600386,0.005528137598390298,25
2,6,True,rings_hamming,0.4187415359812074,0.0019448232022302595,0.4223722609394619,0.005314154338210691,0.0072589775404409505,26
2,6,True,rings_hamming,0.4187415359812074,0.0019448232022302595,1.1440558725087724,0.0048649968898572685,0.006809820092087528,27
2,6,True,rings_hamming,0.4187415359812074,0.0019448232022302595,0.8844916200189402,0.003694260381511663,0.0056390835837419225,28
2,6,True,rings_hamming,0.4187415359812074,0.0019448232022302595,0.1606500908089627,0.0036783910956575804,0.00562321429788784,29
2,6,True,rings_hamming,0.4187415359812074,0.0019448232022302595,1.2837375949827254,0.005049678226149932,0.006994501428380192,30
2,6,True,rings_hamming,0.4187415359812074,0.0019448232022302595,0.4369525798342278,0.0043160705297698955,0.006260893732000155,31
2,6,True,rings_hamming,0.4187415359812074,0.0019448232022302595,0.30479649923181107,0.0038027114360523803,0.00574753463828264,32
2,6,True,rings_hamming,0.4187415359812074,0.0019448232022302595,0.3420471320634839,0.004199523032930506,0.006144346235160765,33
2,6,True,rings_hamming,0.4187415359812074,0.0019448232022302595,0.8912604662051486,-0.0002258829206596817,0.0017189402815705778,34
2,6,True,rings_hamming,0.4187415359812074,0.0019448232022302595,0.6421120424045819,0.005309740460888531,0.00725456366311879,35
2,6,True,rings_hamming,0.4187415359812074,0.0019448232022302595,0.684599300055574,-0.0002862907442654297,0.0016585324579648298,36
2,6,True,rings_hamming,0.4187415359812074,0.0019448232022302595,0.7528008340716119,0.005093691958235113,0.007038515160465372,37
2,6,True,rings_hamming,0.4187415359812074,0.0019448232022302595,0.74252267746427,0.005118785035180278,0.007063608237410537,38
2,6,True,rings_hamming,0.4187415359812074,0.0019448232022302595,0.4260080467082244,0.004746210544456332,0.006691033746686592,39
2,6,True,rings_hamming,0.4187415359812074,0.0019448232022302595,0.6771216409211781,0.0005765152016880153,0.002521338403918275,40
2,6,True,rings_hamming,0.4187415359812074,0.0019448232022302595,0.6193358910285519,0.0006082715271169391,0.0025530947293471986,41
2,6,True,rings_hamming,0.4187415359812074,0.0019448232022302595,0.9347880689728815,-0.00034996342173194235,0.0015948597804983171,42
2,6,True,rings_hamming,0.4187415359812074,0.0019448232022302595,0.79240166759181,0.0052550661319918715,0.007199889334222131,43
2,6,True,rings_hamming,0.4187415359812074,0.0019448232022302595,1.3517556265593604,0.005287044011627514,0.007231867213857774,44
2,6,True,rings_hamming,0.4187415359812074,0.0019448232022302595,0.9188954292733772,0.0040008974468955264,0.005945720649125786,45
2,6,True,rings_hamming,0.4187415359812074,0.0019448232022302595,1.0173720761622398,0.003953870611941722,0.0058986938141719816,46
2,6,True,rings_hamming,0.4187415359812074,0.0019448232022302595,1.1368708826178329,-0.0004739277216389804,0.001470895480591279,47
2,6,True,rings_hamming,0.4187415359812074,0.0019448232022302595,0.9943299056090676,0.0027670020087838653,0.004711825211014125,48
2,6,True,rings_hamming,0.4187415359812074,0.0019448232022302595,0.4073647530467857,0.004953301620009675,0.006898124822239934,49
2,6,True,rings_hamming,0.4187415359812074,0.0019448232022302595,0.7409745776950037,0.005071255867154627,0.0070160790693848864,50
2,6,True,rings_hamming,0.4187415359812074,0.0019448232022302595,0.6580488125183754,0.0051452166713817004,0.00709003987361196,51
2,6,True,rings_hamming,0.4187415359812074,0.0019448232022302595,0.36510710269971863,0.004377652980188266,0.006322476182418525,52
2,6,True,rings_hamming,0.4187415359812074,0.0019448232022302595,0.594257442828366,0.004285169775007302,0.006229992977237562,53
2,6,True,rings_hamming,0.4187415359812074,0.0019448232022302595,0.8685178582163902,0.003940739744328532,0.005885562946558792,54
2,6,True,rings_hamming,0.4187415359812074,0.0019448232022302595,0.6743901325968693,0.004568382354841462,0.006513205557071721,55
2,6,True,rings_hamming,0.4187415359812074,0.0019448232022302595,0.873440832078874,0.0011352399003897438,0.0030800631026200033,56
2,6,True,rings_hamming,0.4187415359812074,0.0019448232022302595,0.2672118724674076,-0.00048157584289727795,0.0014632473593329815,57
2,6,True,rings_hamming,0.4187415359812074,0.0019448232022302595,0.8034985031498229,0.0034708839037215665,0.005415707105951826,58
2,6,True,rings_hamming,0.4187415359812074,0.0019448232022302595,0.7226146544255196,0.0044328919114871934,0.006377715113717453,59
2,6,True,rings_hamming,0.4187415359812074,0.0019448232022302595,1.6941495833396985,0.003062716165418703,0.005007539367648963,60
2,6,True,rings_hamming,0.4187415359812074,0.0019448232022302595,0.8750506276709157,0.004660369458160199,0.006605192660390459,61
2,6,True,rings_hamming,0.4187415359812074,0.0019448232022302595,0.5473553261247149,0.004719020842780474,0.006663844045010733,62
2,6,True,rings_hamming,0.4187415359812074,0.0019448232022302595,0.48975585584673215,-0.0005928662252633005,0.001351956976966959,63
2,6,True,rings_hamming,0.4187415359812074,0.0019448232022302595,0.8274318103587073,0.005144916298893366,0.0070897395011236255,64
2,6,True,rings_hamming,0.4187415359812074,0.0019448232022302595,0.758405563064031,0.00424398983555604,0.0061888130377863,65
2,6,True,rings_hamming,0.4187415359812074,0.0019448232022302595,0.8531522077651462,0.004642499310124525,0.006587322512354784,66
2,6,True,rings_hamming,0.4187415359812074,0.0019448232022302595,0.08454953675479343,0.00046146134289358487,0.0024062845451238444,67
2,6,True,rings_hamming,0.4187415359812074,0.0019448232022302595,0.292892408509502,8.242503494555959e-05,0.002027248237175819,68
2,6,True,rings_hamming,0.4187415359812074,0.0019448232022302595,1.3777700320176616,0.000711288969504426,0.0026561121717346855,69
2,6,True,rings_hamming,0.4187415359812074,0.0019448232022302595,0.7578406558846877,0.004948921828374734,0.006893745030604993,70
2,6,True,rings_hamming,0.4187415359812074,0.0019448232022302595,0.7296044798116083,0.005286384582612467,0.007231207784842726,71
2,6,True,rings_hamming,0.4187415359812074,0.0019448232022302595,0.6723334680682715,0.004199318232455138,0.006144141434685398,72
2,6,True,rings_hamming,0.4187415359812074,0.0019448232022302595,0.8957188350677845,0.0038227425950418713,0.005767565797272131,73
2,6,True,rings_hamming,0.4187415359812074,0.0019448232022302595,0.31314457167003146,0.00500028183779281,0.006945105040023069,74
2,6,True,rings_hamming,0.4187415359812074,0.0019448232022302595,1.393254400519916,0.004170145245499767,0.006114968447730027,75
2,6,True,rings_hamming,0.4187415359812074,0.0019448232022302595,0.739988794722011,0.005364420368461258,0.0073092435706915175,76
2,6,True,rings_hamming,0.4187415359812074,0.0019448232022302595,1.260871753168228,0.004638854361346126,0.006583677563576386,77
2,6,True,rings_hamming,0.4187415359812074,0.0019448232022302595,0.2073943494020797,0.003932127149117218,0.005876950351347478,78
2,6,True,rings_hamming,0.4187415359812074,0.0019448232022302595,1.3235363524379085,0.004137472414857692,0.006082295617087952,79
2,6,True,rings_hamming,0.4187415359812074,0.0019448232022302595,0.9686134149082019,0.0030614536351601324,0.005006276837390392,80
2,6,True,rings_hamming,0.4187415359812074,0.0019448232022302595,0.636069059644548,0.0007690114498759043,0.002713834652106164,81
2,6,True,rings_hamming,0.4187415359812074,0.0019448232022302595,1.0800541756525646,0.004639720759424018,0.006584543961654278,82
2,6,True,rings_hamming,0.4187415359812074,0.0019448232022302595,0.2935017991955096,0.0005014103052543109,0.0024462335074845703,83
2,6,True,rings_hamming,0.4187415359812074,0.0019448232022302595,1.3000711002057963,0.0033721796513178845,0.005317002853548144,84
2,6,True,rings_hamming,0.4187415359812074,0.0019448232022302595,0.29067154833465664,0.004649492073799376,0.006594315276029636,85
2,6,True,rings_hamming,0.4187415359812074,0.0019448232022302595,0.32415642010528684,0.0035620553208293142,0.005506878523059574,86
2,6,True,rings_hamming,0.4187415359812074,0.0019448232022302595,0.1373537327874036,0.0005565609523648712,0.0025013841545951307,87
2,6,True,rings_hamming,0.4187415359812074,0.0019448232022302595,0.9322885588767471,0.005016942437517259,0.006961765639747519,88
2,6,True,rings_hamming,0.4187415359812074,0.0019448232022302595,0.47816653044316604,0.004582552209717323,0.006527375411947582,89
2,6,True,rings_hamming,0.4187415359812074,0.0019448232022302595,0.36430950915392685,-0.0003411997802846014,0.001603623421945658,90
2,6,True,rings_hamming,0.4187415359812074,0.0019448232022302595,0.5938609342808463,0.004842441339218399,0.006787264541448659,91
2,6,True,rings_hamming,0.4187415359812074,0.0019448232022302595,0.7528372958016816,0.004737506423635432,0.006682329625865692,92
2,6,True,rings_hamming,0.4187415359812074,0.0019448232022302595,0.7910046789593483,0.004916343715959503,0.006861166918189762,93
2,6,True,rings_hamming,0.4187415359812074,0.0019448232022302595,0.44689149933372946,0.004758286544216928,0.0067031097464471875,94
2,6,True,rings_hamming,0.4187415359812074,0.0019448232022302595,0.7385284483278484,0.0004384767029490897,0.002383299905179349,95
2,6,True,rings_hamming,0.4187415359812074,0.0019448232022302595,0.3010508946473407,0.005234803943384011,0.007179627145614271,96
2,6,True,rings_hamming,0.4187415359812074,0.0019448232022302595,0.4325543983668265,0.003878542523193069,0.005823365725423329,97
2,6,True,rings_hamming,0.4187415359812074,0.0019448232022302595,0.523357119729034,0.00409794239986405,0.00604276560209431,98
2,6,True,rings_hamming,0.4187415359812074,0.0019448232022302595,0.6034545075834765,0.000248152928772396,0.0021929761310026555,99
2,6,True,rings_hamming,0.4187415359812074,0.0019448232022302595,0.7321666750176856,0.005104896385699746,0.007049719587930005,100
2,6,True,rings_hamming,0.4187415359812074,0.0019448232022302595,0.8002575783694106,0.0035943695359612537,0.005539192738191513,101
2,6,True,rings_hamming,0.4187415359812074,0.0019448232022302595,0.5928924822048798,0.002857531060429735,0.0048023542626599944,102
2,6,True,rings_hamming,0.4187415359812074,0.0019448232022302595,0.5812539787839163,0.004905254779217277,0.0068500779814475365,103
2,6,True,rings_hamming,0.4187415359812074,0.0019448232022302595,0.5863689010552486,0.005014629274393779,0.0069594524766240385,104
2,6,True,rings_hamming,0.4187415359812074,0.0019448232022302595,0.8421658905572619,0.0006476120926268377,0.002592435294857097,105
2,6,True,rings_hamming,0.4187415359812074,0.0019448232022302595,1.034290732393709,0.0030264647781280537,0.004971287980358313,106
2,6,True,rings_hamming,0.4187415359812074,0.0019448232022302595,0.18302135203739361,0.00489690131175804,0.006841724513988299,107
2,6,True,rings_hamming,0.4187415359812074,0.0019448232022302595,0.948219144091677,0.0034138085190198245,0.005358631721250084,108
2,6,True,rings_hamming,0.4187415359812074,0.0019448232022302595,0.29220806465059457,0.004612083987895647,0.006556907190125906,109
2,6,True,rings_hamming,0.4187415359812074,0.0019448232022302595,0.3099223135265233,0.0040321666451089856,0.005976989847339245,110
2,6,True,rings_hamming,0.4187415359812074,0.0019448232022302595,0.6129295997719808,-0.000698265193848632,0.0012465580083816275,111
2,6,True,rings_hamming,0.4187415359812074,0.0019448232022302595,0.9101465686271176,0.004176605285130661,0.006121428487360921,112
2,6,True,rings_hamming,0.4187415359812074,0.0019448232022302595,0.44574822828467603,0.000840890247726989,0.0027857134499572485,113
2,6,True,rings_hamming,0.4187415359812074,0.0019448232022302595,0.7817568848563217,0.0009015078218260809,0.0028463310240563404,114
2,6,True,rings_hamming,0.4187415359812074,0.0019448232022302595,0.061349232567986835,0.005012652575552188,0.006957475777782447,115
2,6,True,rings_hamming,0.4187415359812074,0.0019448232022302595,0.1678901897209019,0.003167337776953296,0.0051121609791835556,116
2,6,True,rings_hamming,0.4187415359812074,0.0019448232022302595,0.07086392851841725,0.0035600315559991148,0.005504854758229374,117
2,6,True,rings_hamming,0.4187415359812074,0.0019448232022302595,0.13097979522942205,0.0011168771610720208,0.0030617003633022803,118
2,6,True,rings_hamming,0.4187415359812074,0.0019448232022302595,0.4941837243661137,0.0032974970028506216,0.005242320205080881,119
2,6,True,rings_hamming,0.4187415359812074,0.0019448232022302595,0.3094795601554986,5.3868608735897945e-05,0.0019986918109661574,120
2,6,True,rings_hamming,0.4187415359812074,0.0019448232022302595,0.7673185224893271,0.003697960947254288,0.005642784149484548,121
2,6,True,rings_hamming,0.4187415359812074,0.0019448232022302595,0.2038889792845453,0.00020147787917055866,0.002146301081400818,122
2,6,True,rings_hamming,0.4187415359812074,0.0019448232022302595,0.9052536470588725,0.004805407786912991,0.00675023098914325,123
2,6,True,rings_hamming,0.4187415359812074,0.0019448232022302595,1.6408277398985855,0.004451776600929528,0.006396599803159787,124
2,6,True,rings_hamming,0.4187415359812074,0.0019448232022302595,0.9327496926965585,0.003377874877288996,0.005322698079519256,125
2,6,True,rings_hamming,0.4187415359812074,0.0019448232022302595,0.2472010071635905,0.0032145320624310508,0.00515935526466131,126
2,6,True,rings_hamming,0.4187415359812074,0.0019448232022302595,0.5923488277316019,7.850742131629458e-05,0.002023330623546554,127
2,6,True,rings_hamming,0.4187415359812074,0.0019448232022302595,0.9041728047285922,-0.0010504121737992132,0.0008944110284310463,128
2,6,True,rings_hamming,0.4187415359812074,0.0019448232022302595,0.8564447236556954,0.0012545860534948924,0.003199409255725152,129
2,6,True,rings_hamming,0.4187415359812074,0.0019448232022302595,0.6183141434723094,0.0010987374173156124,0.003043560619545872,130
2,6,True,rings_hamming,0.4187415359812074,0.0019448232022302595,0.3998673598556243,-0.00033638595324527246,0.001608437248984987,131
2,6,True,rings_hamming,0.4187415359812074,0.0019448232022302595,1.2510500739874726,0.00322261502679723,0.00516743822902749,132
2,6,True,rings_hamming,0.4187415359812074,0.0019448232022302595,0.6494743838891577,0.0009320260129947805,0.00287684921522504,133
2,6,True,rings_hamming,0.4187415359812074,0.0019448232022302595,0.3569157416251894,-0.00016881777060937333,0.0017760054316208862,134
2,6,True,rings_hamming,0.4187415359812074,0.0019448232022302595,1.2508733602844033,0.0005922145841547447,0.0025370377863850042,135
2,6,True,rings_hamming,0.4187415359812074,0.0019448232022302595,0.06421474498449818,0.005133138834863944,0.007077962037094204,136
2,6,True,rings_hamming,0.4187415359812074,0.0019448232022302595,0.27632868584282216,0.000931305801192015,0.0028761290034222745,137
2,6,True,rings_hamming,0.4187415359812074,0.0019448232022302595,1.2304435290070865,0.00519804463416468,0.007142867836394939,138
2,6,True,rings_hamming,0.4187415359812074,0.0019448232022302595,0.9006870486534034,0.004643887542103614,0.006588710744333873,139
2,6,True,rings_hamming,0.4187415359812074,0.0019448232022302595,1.297344605495337,0.004503488847314163,0.006448312049544423,140
2,6,True,rings_hamming,0.4187415359812074,0.0019448232022302595,1.085207903958755,0.004370209279844001,0.006315032482074261,141
2,6,True,rings_hamming,0.4187415359812074,0.0019448232022302595,0.24654058931010447,0.0006038147633874711,0.0025486379656177306,142
2,6,True,rings_hamming,0.4187415359812074,0.0019448232022302595,0.5666906750870044,0.0037085199781248905,0.00565334318035515,143
2,6,True,rings_hamming,0.4187415359812074,0.0019448232022302595,0.19796301241968325,0.005219474377939305,0.007164297580169564,144
2,6,True,rings_hamming,0.4187415359812074,0.0019448232022302595,1.3028159186195927,0.0037295378346114206,0.00567436103684168,145
2,6,True,rings_hamming,0.4187415359812074,0.0019448232022302595,0.5458503817105796,0.0009601958611812245,0.002905019063411484,146
2,6,True,rings_hamming,0.4187415359812074,0.0019448232022302595,0.7866925713541554,0.0005113457651468568,0.0024561689673771162,147
2,6,True,rings_hamming,0.4187415359812074,0.0019448232022302595,0.3044059950096276,0.0008853061171815459,0.0028301293194118054,148
2,6,True,rings_hamming,0.4187415359812074,0.0019448232022302595,0.027686762463452533,0.005360547137117465,0.007305370339347725,149
2,6,True,rings_hamming,0.4187415359812074,0.0019448232022302595,0.5814865178845937,0.004466814600523858,0.006411637802754117,150
2,6,True,rings_hamming,0.4187415359812074,0.0019448232022302595,0.6072557504821184,0.004886414733231958,0.006831237935462218,151
2,6,True,rings_hamming,0.4187415359812074,0.0019448232022302595,0.8608295964081987,0.004590176559613017,0.0065349997618432765,152
2,6,True,rings_hamming,0.4187415359812074,0.0019448232022302595,0.5748928977429729,0.0048407195993001775,0.006785542801530437,153
2,6,True,rings_hamming,0.4187415359812074,0.0019448232022302595,0.7177890898013122,0.004793998592984147,0.006738821795214406,154
2,6,True,rings_hamming,0.4187415359812074,0.0019448232022302595,0.3755659134021832,0.0005592943351088757,0.002504117537339135,155
2,6,True,rings_hamming,0.4187415359812074,0.0019448232022302595,0.2455613780332432,0.0029984311580423823,0.004943254360272642,156
2,6,True,rings_hamming,0.4187415359812074,0.0019448232022302595,0.9464120026627383,0.004755370740953874,0.006700193943184133,157
2,6,True,rings_hamming,0.4187415359812074,0.0019448232022302595,0.19521139331337994,0.005296602629419573,0.0072414258316498325,158
2,6,True,rings_hamming,0.4187415359812074,0.0019448232022302595,0.7893959797249908,0.0005907972176069291,0.0025356204198371886,159
2,6,True,rings_hamming,0.4187415359812074,0.0019448232022302595,0.7489099234651163,-0.0004843857042208825,0.001460437498009377,160
2,6,True,rings_hamming,0.4187415359812074,0.0019448232022302595,0.7625878041267499,0.000529647240936871,0.0024744704431671305,161
2,6,True,rings_hamming,0.4187415359812074,0.0019448232022302595,0.774792470941475,0.004320611578785114,0.006265434781015373,162
2,6,True,rings_hamming,0.4187415359812074,0.0019448232022302595,0.22633657491668766,0.0007300273508312402,0.0026748505530614997,163
2,6,True,rings_hamming,0.4187415359812074,0.0019448232022302595,0.16989645733471803,-0.00022872671213043237,0.0017160964900998271,164
2,6,True,rings_hamming,0.4187415359812074,0.0019448232022302595,0.796205307155806,-0.0013562446571000755,0.000588578545130184,165
2,6,True,rings_hamming,0.4187415359812074,0.0019448232022302595,0.5393748530394001,-0.0007305966813150038,0.0012142265209152557,166
2,6,True,rings_hamming,0.4187415359812074,0.0019448232022302595,1.0386670463255252,-0.0006253891534282441,0.0013194340488020154,167
2,6,True,rings_hamming,0.4187415359812074,0.0019448232022302595,0.8447962572420347,0.0008031763108364638,0.0027479995130667233,168
2,6,True,rings_hamming,0.4187415359812074,0.0019448232022302595,0.9689082242239758,-0.00037434224380606426,0.0015704809584241952,169
2,6,True,rings_hamming,0.4187415359812074,0.0019448232022302595,0.6312268874467718,0.004071290899198363,0.006016114101428623,170
2,6,True,rings_hamming,0.4187415359812074,0.0019448232022302595,0.13092533709085669,0.0041782086083905524,0.006123031810620812,171
2,6,True,rings_hamming,0.4187415359812074,0.0019448232022302595,0.4299246842621432,0.004110821667219816,0.006055644869450075,172
2,6,True,rings_hamming,0.4187415359812074,0.0019448232022302595,0.875415005832775,0.005204818097291525,0.007149641299521784,173
2,6,True,rings_hamming,0.4187415359812074,0.0019448232022302595,0.8998340425260778,0.001134597877136908,0.0030794210793671675,174
2,6,True,rings_hamming,0.4187415359812074,0.0019448232022302595,0.04142357183380517,0.0009662352143749043,0.0029110584166051638,175
2,6,True,rings_hamming,0.4187415359812074,0.0019448232022302595,1.1972408818550873,0.004811688023050291,0.00675651122528055,176
2,6,True,rings_hamming,0.4187415359812074,0.0019448232022302595,1.2557305668077867,0.004317903276703446,0.006262726478933706,177
2,6,True,rings_hamming,0.4187415359812074,0.0019448232022302595,0.8316443312081101,0.003673931560782242,0.005618754763012501,178
2,6,True,rings_hamming,0.4187415359812074,0.0019448232022302595,0.5744526180854592,0.0026324131938396675,0.004577236396069927,179
2,6,True,rings_hamming,0.4187415359812074,0.0019448232022302595,1.2006570326898356,0.004437368008177247,0.006382191210407506,180
2,6,True,rings_hamming,0.4187415359812074,0.0019448232022302595,0.5773430956365874,0.0002973757524951442,0.0022421989547254037,181
2,6,True,rings_hamming,0.4187415359812074,0.0019448232022302595,0.6755120765499845,0.003294447974083163,0.005239271176313422,182
2,6,True,rings_hamming,0.4187415359812074,0.0019448232022302595,0.8180594705597203,0.0002875005373567663,0.0022323237395870258,183
2,6,True,rings_hamming,0.4187415359812074,0.0019448232022302595,0.4286980899620181,0.004012436658305672,0.005957259860535932,184
2,6,True,rings_hamming,0.4187415359812074,0.0019448232022302595,0.4017704634288385,0.0051736537661956124,0.007118476968425872,185
2,6,True,rings_hamming,0.4187415359812074,0.0019448232022302595,0.6684106573003601,0.004818824420619819,0.006763647622850078,186
2,6,True,rings_hamming,0.4187415359812074,0.0019448232022302595,0.7759718264721482,0.005026258075116446,0.006971081277346705,187
2,6,True,rings_hamming,0.4187415359812074,0.0019448232022302595,0.20230673501317958,0.0041549821477443035,0.006099805349974563,188
2,6,True,rings_hamming,0.4187415359812074,0.0019448232022302595,0.6409533047679447,0.002844693352611332,0.004789516554841592,189
2,6,True,rings_hamming,0.4187415359812074,0.0019448232022302595,0.6445343057681449,0.004728711912309024,0.006673535114539284,190
2,6,True,rings_hamming,0.4187415359812074,0.0019448232022302595,1.0421231199092504,-0.000147411714332295,0.0017974114878979645,191
2,6,True,rings_hamming,0.4187415359812074,0.0019448232022302595,1.1183484852550671,0.004302083071895555,0.006246906274125815,192
2,6,True,rings_hamming,0.4187415359812074,0.0019448232022302595,0.9507031132188125,0.004103814084540437,0.0060486372867706965,193
2,6,True,rings_hamming,0.4187415359812074,0.0019448232022302595,0.659529664068141,0.005091576682507624,0.007036399884737883,194
2,6,True,rings_hamming,0.4187415359812074,0.0019448232022302595,0.4108498390283949,0.0039817669185271696,0.005926590120757429,195
2,6,True,rings_hamming,0.4187415359812074,0.0019448232022302595,0.815678550116183,0.004253889045830199,0.006198712248060459,196
2,6,True,rings_hamming,0.4187415359812074,0.0019448232022302595,0.6369331237314764,0.004034785615493104,0.005979608817723364,197
2,6,True,rings_hamming,0.4187415359812074,0.0019448232022302595,0.5504021981593898,0.0009848976901768126,0.002929720892407072,198
2,6,True,rings_hamming,0.4187415359812074,0.0019448232022302595,0.30696653682684694,0.005004028462724026,0.006948851664954286,199
6,6,True,rings_hamming,2.0284490394481463,1.421877966754639e-34,2.0284490394481463,0.0,1.421877966754639e-34,0
6,6,True,rings_hamming,2.0284490394481463,1.421877966754639e-34,2.0284490394481463,0.0,1.421877966754639e-34,1
6,6,True,rings_hamming,2.0284490394481463,1.421877966754639e-34,2.0284490394481463,0.0,1.421877966754639e-34,2
6,6,True,rings_hamming,2.0284490394481463,1.421877966754639e-34,2.0284490394481463,0.0,1.421877966754639e-34,3
6,6,True,rings_hamming,2.0284490394481463,1.421877966754639e-34,2.0284490394481463,0.0,1.421877966754639e-34,4
6,6,True,rings_hamming,2.0284490394481463,1.421877966754639e-34,2.0284490394481463,0.0,1.421877966754639e-34,5
6,6,True,rings_hamming,2.0284490394481463,1.421877966754639e-34,2.0284490394481463,0.0,1.421877966754639e-34,6
6,6,True,rings_hamming,2.0284490394481463,1.421877966754639e-34,2.0284490394481463,0.0,1.421877966754639e-34,7
6,6,True,rings_hamming,2.0284490394481463,1.421877966754639e-34,2.0284490394481463,0.0,1.421877966754639e-34,8
6,6,True,rings_hamming,2.0284490394481463,1.421877966754639e-34,2.0284490394481463,0.0,1.421877966754639e-34,9
6,6,True,rings_hamming,2.0284490394481463,1.421877966754639e-34,2.0284490394481463,0.0,1.421877966754639e-34,10
6,6,True,rings_hamming,2.0284490394481463,1.421877966754639e-34,2.0284490394481463,0.0,1.421877966754639e-34,11
6,6,True,rings_hamming,2.0284490394481463,1.421877966754639e-34,2.0284490394481463,0.0,1.421877966754639e-34,12
6,6,True,rings_hamming,2.0284490394481463,1.421877966754639e-34,2.0284490394481463,0.0,1.421877966754639e-34,13
6,6,True,rings_hamming,2.0284490394481463,1.421877966754639e-34,2.0284490394481463,0.0,1.421877966754639e-34,14
6,6,True,rings_hamming,2.0284490394481463,1.421877966754639e-34,2.0284490394481463,0.0,1.421877966754639e-34,15
6,6,True,rings_hamming,2.0284490394481463,1.421877966754639e-34,2.0284490394481463,0.0,1.421877966754639e-34,16
6,6,True,rings_hamming,2.0284490394481463,1.421877966754639e-34,2.0284490394481463,0.0,1.421877966754639e-34,17
6,6,True,rings_hamming,2.0284490394481463,1.421877966754639e-34,2.0284490394481463,0.0,1.421877966754639e-34,18
6,6,True,rings_hamming,2.0284490394481463,1.421877966754639e-34,2.0284490394481463,0.0,1.421877966754639e-34,19
6,6,True,rings_hamming,2.0284490394481463,1.421877966754639e-34,2.0284490394481463,0.0,1.421877966754639e-34,20
6,6,True,rings_hamming,2.0284490394481463,1.421877966754639e-34,2.0284490394481463,0.0,1.421877966754639e-34,21
6,6,True,rings_hamming,2.0284490394481463,1.421877966754639e-34,2.0284490394481463,0.0,1.421877966754639e-34,22
6,6,True,rings_hamming,2.0284490394481463,1.421877966754639e-34,2.0284490394481463,0.0,1.421877966754639e-34,23
6,6,True,rings_hamming,2.0284490394481463,1.421877966754639e-34,2.0284490394481463,0.0,1.421877966754639e-34,24
6,6,True,rings_hamming,2.0284490394481463,1.421877966754639e-34,2.0284490394481463,0.0,1.421877966754639e-34,25
6,6,True,rings_hamming,2.0284490394481463,1.421877966754639e-34,2.0284490394481463,0.0,1.421877966754639e-34,26
6,6,True,rings_hamming,2.0284490394481463,1.421877966754639e-34,2.0284490394481463,0.0,1.421877966754639e-34,27
6,6,True,rings_hamming,2.0284490394481463,1.421877966754639e-34,2.0284490394481463,0.0,1.421877966754639e-34,28
6,6,True,rings_hamming,2.0284490394481463,1.421877966754639e-34,2.0284490394481463,0.0,1.421877966754639e-34,29
6,6,True,rings_hamming,2.0284490394481463,1.421877966754639e-34,2.0284490394481463,0.0,1.421877966754639e-34,30
6,6,True,rings_hamming,2.0284490394481463,1.421877966754639e-34,2.0284490394481463,0.0,1.421877966754639e-34,31
6,6,True,rings_hamming,2.0284490394481463,1.421877966754639e-34,2.0284490394481463,0.0,1.421877966754639e-34,32
6,6,True,rings_hamming,2.0284490394481463,1.421877966754639e-34,2.0284490394481463,0.0,1.421877966754639e-34,33
6,6,True,rings_hamming,2.0284490394481463,1.421877966754639e-34,2.0284490394481463,0.0,1.421877966754639e-34,34
6,6,True,rings_hamming,2.0284490394481463,1.421877966754639e-34,2.0284490394481463,0.0,1.421877966754639e-34,35
6,6,True,rings_hamming,2.0284490394481463,1.421877966754639e-34,2.0284490394481463,0.0,1.421877966754639e-34,36
6,6,True,rings_hamming,2.0284490394481463,1.421877966754639e-34,2.0284490394481463,0.0,1.421877966754639e-34,37
6,6,True,rings_hamming,2.0284490394481463,1.421877966754639e-34,2.0284490394481463,0.0,1.421877966754639e-34,38
6,6,True,rings_hamming,2.0284490394481463,1.421877966754639e-34,2.0284490394481463,0.0,1.421877966754639e-34,39
6,6,True,rings_hamming,2.0284490394481463,1.421877966754639e-34,2.0284490394481463,0.0,1.421877966754639e-34,40
6,6,True,rings_hamming,2.0284490394481463,1.421877966754639e-34,2.0284490394481463,0.0,1.421877966754639e-34,41
6,6,True,rings_hamming,2.0284490394481463,1.421877966754639e-34,2.0284490394481463,0.0,1.421877966754639e-34,42
6,6,True,rings_hamming,2.0284490394481463,1.421877966754639e-34,2.0284490394481463,0.0,1.421877966754639e-34,43
6,6,True,rings_hamming,2.0284490394481463,1.421877966754639e-34,2.0284490394481463,0.0,1.421877966754639e-34,44
6,6,True,rings_hamming,2.0284490394481463,1.421877966754639e-34,2.0284490394481463,0.0,1.421877966754639e-34,45
6,6,True,rings_hamming,2.0284490394481463,1.421877966754639e-34,2.0284490394481463,0.0,1.421877966754639e-34,46
6,6,True,rings_hamming,2.0284490394481463,1.421877966754639e-34,2.0284490394481463,0.0,1.421877966754639e-34,47
6,6,True,rings_hamming,2.0284490394481463,1.421877966754639e-34,2.0284490394481463,0.0,1.421877966754639e-34,48
6,6,True,rings_hamming,2.0284490394481463,1.421877966754639e-34,2.0284490394481463,0.0,1.421877966754639e-34,49
6,6,True,rings_hamming,2.0284490394481463,1.421877966754639e-34,2.0284490394481463,0.0,1.421877966754639e-34,50
6,6,True,rings_hamming,2.0284490394481463,1.421877966754639e-34,2.0284490394481463,0.0,1.421877966754639e-34,51
6,6,True,rings_hamming,2.0284490394481463,1.421877966754639e-34,2.0284490394481463,0.0,1.421877966754639e-34,52
6,6,True,rings_hamming,2.0284490394481463,1.421877966754639e-34,2.0284490394481463,0.0,1.421877966754639e-34,53
6,6,True,rings_hamming,2.0284490394481463,1.421877966754639e-34,2.0284490394481463,0.0,1.421877966754639e-34,54
6,6,True,rings_hamming,2.0284490394481463,1.421877966754639e-34,2.0284490394481463,0.0,1.421877966754639e-34,55
6,6,True,rings_hamming,2.0284490394481463,1.421877966754639e-34,2.0284490394481463,0.0,1.421877966754639e-34,56
6,6,True,rings_hamming,2.0284490394481463,1.421877966754639e-34,2.0284490394481463,0.0,1.421877966754639e-34,57
6,6,True,rings_hamming,2.0284490394481463,1.421877966754639e-34,2.0284490394481463,0.0,1.421877966754639e-34,58
6,6,True,rings_hamming,2.0284490394481463,1.421877966754639e-34,2.0284490394481463,0.0,1.421877966754639e-34,59
6,6,True,rings_hamming,2.0284490394481463,1.421877966754639e-34,2.0284490394481463,0.0,1.421877966754639e-34,60
6,6,True,rings_hamming,2.0284490394481463,1.421877966754639e-34,2.0284490394481463,0.0,1.421877966754639e-34,61
6,6,True,rings_hamming,2.0284490394481463,1.421877966754639e-34,2.0284490394481463,0.0,1.421877966754639e-34,62
6,6,True,rings_hamming,2.0284490394481463,1.421877966754639e-34,2.0284490394481463,0.0,1.421877966754639e-34,63
6,6,True,rings_hamming,2.0284490394481463,1.421877966754639e-34,2.0284490394481463,0.0,1.421877966754639e-34,64
6,6,True,rings_hamming,2.0284490394481463,1.421877966754639e-34,2.0284490394481463,0.0,1.421877966754639e-34,65
6,6,True,rings_hamming,2.0284490394481463,1.421877966754639e-34,2.0284490394481463,0.0,1.421877966754639e-34,66
6,6,True,rings_hamming,2.0284490394481463,1.421877966754639e-34,2.0284490394481463,0.0,1.421877966754639e-34,67
6,6,True,rings_hamming,2.0284490394481463,1.421877966754639e-34,2.0284490394481463,0.0,1.421877966754639e-34,68
6,6,True,rings_hamming,2.0284490394481463,1.421877966754639e-34,2.0284490394481463,0.0,1.421877966754639e-34,69
6,6,True,rings_hamming,2.0284490394481463,1.421877966754639e-34,2.0284490394481463,0.0,1.421877966754639e-34,70
6,6,True,rings_hamming,2.0284490394481463,1.421877966754639e-34,2.0284490394481463,0.0,1.421877966754639e-34,71
6,6,True,rings_hamming,2.0284490394481463,1.421877966754639e-34,2.0284490394481463,0.0,1.421877966754639e-34,72
6,6,True,rings_hamming,2.0284490394481463,1.421877966754639e-34,2.0284490394481463,0.0,1.421877966754639e-34,73
6,6,True,rings_hamming,2.0284490394481463,1.421877966754639e-34,2.0284490394481463,0.0,1.421877966754639e-34,74
6,6,True,rings_hamming,2.0284490394481463,1.421877966754639e-34,2.0284490394481463,0.0,1.421877966754639e-34,75
6,6,True,rings_hamming,2.0284490394481463,1.421877966754639e-34,2.0284490394481463,0.0,1.421877966754639e-34,76
6,6,True,rings_hamming,2.0284490394481463,1.421877966754639e-34,2.0284490394481463,0.0,1.421877966754639e-34,77
6,6,True,rings_hamming,2.0284490394481463,1.421877966754639e-34,2.0284490394481463,0.0,1.421877966754639e-34,78
6,6,True,rings_hamming,2.0284490394481463,1.421877966754639e-34,2.0284490394481463,0.0,1.421877966754639e-34,79
6,6,True,rings_hamming,2.0284490394481463,1.421877966754639e-34,2.0284490394481463,0.0,1.421877966754639e-34,80
6,6,True,rings_hamming,2.0284490394481463,1.421877966754639e-34,2.0284490394481463,0.0,1.421877966754639e-34,81
6,6,True,rings_hamming,2.0284490394481463,1.421877966754639e-34,2.0284490394481463,0.0,1.421877966754639e-34,82
6,6,True,rings_hamming,2.0284490394481463,1.421877966754639e-34,2.0284490394481463,0.0,1.421877966754639e-34,83
6,6,True,rings_hamming,2.0284490394481463,1.421877966754639e-34,2.0284490394481463,0.0,1.421877966754639e-34,84
6,6,True,rings_hamming,2.0284490394481463,1.421877966754639e-34,2.0284490394481463,0.0,1.421877966754639e-34,85
6,6,True,rings_hamming,2.0284490394481463,1.421877966754639e-34,2.0284490394481463,0.0,1.421877966754639e-34,86
6,6,True,rings_hamming,2.0284490394481463,1.421877966754639e-34,2.0284490394481463,0.0,1.421877966754639e-34,87
6,6,True,rings_hamming,2.0284490394481463,1.421877966754639e-34,2.0284490394481463,0.0,1.421877966754639e-34,88
6,6,True,rings_hamming,2.0284490394481463,1.421877966754639e-34,2.0284490394481463,0.0,1.421877966754639e-34,89
6,6,True,rings_hamming,2.0284490394481463,1.421877966754639e-34,2.0284490394481463,0.0,1.421877966754639e-34,90
6,6,True,rings_hamming,2.0284490394481463,1.421877966754639e-34,2.0284490394481463,0.0,1.421877966754639e-34,91
6,6,True,rings_hamming,2.0284490394481463,1.421877966754639e-34,2.0284490394481463,0.0,1.421877966754639e-34,92
6,6,True,rings_hamming,2.0284490394481463,1.421877966754639e-34,2.0284490394481463,0.0,1.421877966754639e-34,93
6,6,True,rings_hamming,2.0284490394481463,1.421877966754639e-34,2.0284490394481463,0.0,1.421877966754639e-34,94
6,6,True,rings_hamming,2.0284490394481463,1.421877966754639e-34,2.0284490394481463,0.0,1.421877966754639e-34,95
6,6,True,rings_hamming,2.0284490394481463,1.421877966754639e-34,2.0284490394481463,0.0,1.421877966754639e-34,96
6,6,True,rings_hamming,2.0284490394481463,1.421877966754639e-34,2.0284490394481463,0.0,1.421877966754639e-34,97
6,6,True,rings_hamming,2.0284490394481463,1.421877966754639e-34,2.0284490394481463,0.0,1.421877966754639e-34,98
6,6,True,rings_hamming,2.0284490394481463,1.421877966754639e-34,2.0284490394481463,0.0,1.421877966754639e-34,99
6,6,True,rings_hamming,2.0284490394481463,1.421877966754639e-34,2.0284490394481463,0.0,1.421877966754639e-34,100
6,6,True,rings_hamming,2.0284490394481463,1.421877966754639e-34,2.0284490394481463,0.0,1.421877966754639e-34,101
6,6,True,rings_hamming,2.0284490394481463,1.421877966754639e-34,2.0284490394481463,0.0,1.421877966754639e-34,102
6,6,True,rings_hamming,2.0284490394481463,1.421877966754639e-34,2.0284490394481463,0.0,1.421877966754639e-34,103
6,6,True,rings_hamming,2.0284490394481463,1.421877966754639e-34,2.0284490394481463,0.0,1.421877966754639e-34,104
6,6,True,rings_hamming,2.0284490394481463,1.421877966754639e-34,2.0284490394481463,0.0,1.421877966754639e-34,105
6,6,True,rings_hamming,2.0284490394481463,1.421877966754639e-34,2.0284490394481463,0.0,1.421877966754639e-34,106
6,6,True,rings_hamming,2.0284490394481463,1.421877966754639e-34,2.0284490394481463,0.0,1.421877966754639e-34,107
6,6,True,rings_hamming,2.0284490394481463,1.421877966754639e-34,2.0284490394481463,0.0,1.421877966754639e-34,108
6,6,True,rings_hamming,2.0284490394481463,1.421877966754639e-34,2.0284490394481463,0.0,1.421877966754639e-34,109
6,6,True,rings_hamming,2.0284490394481463,1.421877966754639e-34,2.0284490394481463,0.0,1.421877966754639e-34,110
6,6,True,rings_hamming,2.0284490394481463,1.421877966754639e-34,2.0284490394481463,0.0,1.421877966754639e-34,111
6,6,True,rings_hamming,2.0284490394481463,1.421877966754639e-34,2.0284490394481463,0.0,1.421877966754639e-34,112
6,6,True,rings_hamming,2.0284490394481463,1.421877966754639e-34,2.0284490394481463,0.0,1.421877966754639e-34,113
6,6,True,rings_hamming,2.0284490394481463,1.421877966754639e-34,2.0284490394481463,0.0,1.421877966754639e-34,114
6,6,True,rings_hamming,2.0284490394481463,1.421877966754639e-34,2.0284490394481463,0.0,1.421877966754639e-34,115
6,6,True,rings_hamming,2.0284490394481463,1.421877966754639e-34,2.0284490394481463,0.0,1.421877966754639e-34,116
6,6,True,rings_hamming,2.0284490394481463,1.421877966754639e-34,2.0284490394481463,0.0,1.421877966754639e-34,117
6,6,True,rings_hamming,2.0284490394481463,1.421877966754639e-34,2.0284490394481463,0.0,1.421877966754639e-34,118
6,6,True,rings_hamming,2.0284490394481463,1.421877966754639e-34,2.0284490394481463,0.0,1.421877966754639e-34,119
6,6,True,rings_hamming,2.0284490394481463,1.421877966754639e-34,2.0284490394481463,0.0,1.421877966754639e-34,120
6,6,True,rings_hamming,2.0284490394481463,1.421877966754639e-34,2.0284490394481463,0.0,1.421877966754639e-34,121
6,6,True,rings_hamming,2.0284490394481463,1.421877966754639e-34,2.0284490394481463,0.0,1.421877966754639e-34,122
6,6,True,rings_hamming,2.0284490394481463,1.421877966754639e-34,2.0284490394481463,0.0,1.421877966754639e-34,123
6,6,True,rings_hamming,2.0284490394481463,1.421877966754639e-34,2.0284490394481463,0.0,1.421877966754639e-34,124
6,6,True,rings_hamming,2.0284490394481463,1.421877966754639e-34,2.0284490394481463,0.0,1.421877966754639e-34,125
6,6,True,rings_hamming,2.0284490394481463,1.421877966754639e-34,2.0284490394481463,0.0,1.421877966754639e-34,126
6,6,True,rings_hamming,2.0284490394481463,1.421877966754639e-34,2.0284490394481463,0.0,1.421877966754639e-34,127
6,6,True,rings_hamming,2.0284490394481463,1.421877966754639e-34,2.0284490394481463,0.0,1.421877966754639e-34,128
6,6,True,rings_hamming,2.0284490394481463,1.421877966754639e-34,2.0284490394481463,0.0,1.421877966754639e-34,129
6,6,True,rings_hamming,2.0284490394481463,1.421877966754639e-34,2.0284490394481463,0.0,1.421877966754639e-34,130
6,6,True,rings_hamming,2.0284490394481463,1.421877966754639e-34,2.0284490394481463,0.0,1.421877966754639e-34,131
6,6,True,rings_hamming,2.0284490394481463,1.421877966754639e-34,2.0284490394481463,0.0,1.421877966754639e-34,132
6,6,True,rings_hamming,2.0284490394481463,1.421877966754639e-34,2.0284490394481463,0.0,1.421877966754639e-34,133
6,6,True,rings_hamming,2.0284490394481463,1.421877966754639e-34,2.0284490394481463,0.0,1.421877966754639e-34,134
6,6,True,rings_hamming,2.0284490394481463,1.421877966754639e-34,2.0284490394481463,0.0,1.421877966754639e-34,135
6,6,True,rings_hamming,2.0284490394481463,1.421877966754639e-34,2.0284490394481463,0.0,1.421877966754639e-34,136
6,6,True,rings_hamming,2.0284490394481463,1.421877966754639e-34,2.0284490394481463,0.0,1.421877966754639e-34,137
6,6,True,rings_hamming,2.0284490394481463,1.421877966754639e-34,2.0284490394481463,0.0,1.421877966754639e-34,138
6,6,True,rings_hamming,2.0284490394481463,1.421877966754639e-34,2.0284490394481463,0.0,1.421877966754639e-34,139
6,6,True,rings_hamming,2.0284490394481463,1.421877966754639e-34,2.0284490394481463,0.0,1.421877966754639e-34,140
6,6,True,rings_hamming,2.0284490394481463,1.421877966754639e-34,2.0284490394481463,0.0,1.421877966754639e-34,141
6,6,True,rings_hamming,2.0284490394481463,1.421877966754639e-34,2.0284490394481463,0.0,1.421877966754639e-34,142
6,6,True,rings_hamming,2.0284490394481463,1.421877966754639e-34,2.0284490394481463,0.0,1.421877966754639e-34,143
6,6,True,rings_hamming,2.0284490394481463,1.421877966754639e-34,2.0284490394481463,0.0,1.421877966754639e-34,144
6,6,True,rings_hamming,2.0284490394481463,1.421877966754639e-34,2.0284490394481463,0.0,1.421877966754639e-34,145
6,6,True,rings_hamming,2.0284490394481463,1.421877966754639e-34,2.0284490394481463,0.0,1.421877966754639e-34,146
6,6,True,rings_hamming,2.0284490394481463,1.421877966754639e-34,2.0284490394481463,0.0,1.421877966754639e-34,147
6,6,True,rings_hamming,2.0284490394481463,1.421877966754639e-34,2.0284490394481463,0.0,1.421877966754639e-34,148
6,6,True,rings_hamming,2.0284490394481463,1.421877966754639e-34,2.0284490394481463,0.0,1.421877966754639e-34,149
6,6,True,rings_hamming,2.0284490394481463,1.421877966754639e-34,2.0284490394481463,0.0,1.421877966754639e-34,150
6,6,True,rings_hamming,2.0284490394481463,1.421877966754639e-34,2.0284490394481463,0.0,1.421877966754639e-34,151
6,6,True,rings_hamming,2.0284490394481463,1.421877966754639e-34,2.0284490394481463,0.0,1.421877966754639e-34,152
6,6,True,rings_hamming,2.0284490394481463,1.421877966754639e-34,2.0284490394481463,0.0,1.421877966754639e-34,153
6,6,True,rings_hamming,2.0284490394481463,1.421877966754639e-34,2.0284490394481463,0.0,1.421877966754639e-34,154
6,6,True,rings_hamming,2.0284490394481463,1.421877966754639e-34,2.0284490394481463,0.0,1.421877966754639e-34,155
6,6,True,rings_hamming,2.0284490394481463,1.421877966754639e-34,2.0284490394481463,0.0,1.421877966754639e-34,156
6,6,True,rings_hamming,2.0284490394481463,1.421877966754639e-34,2.0284490394481463,0.0,1.421877966754639e-34,157
6,6,True,rings_hamming,2.0284490394481463,1.421877966754639e-34,2.0284490394481463,0.0,1.421877966754639e-34,158
6,6,True,rings_hamming,2.0284490394481463,1.421877966754639e-34,2.0284490394481463,0.0,1.421877966754639e-34,159
6,6,True,rings_hamming,2.0284490394481463,1.421877966754639e-34,2.0284490394481463,0.0,1.421877966754639e-34,160
6,6,True,rings_hamming,2.0284490394481463,1.421877966754639e-34,2.0284490394481463,0.0,1.421877966754639e-34,161
6,6,True,rings_hamming,2.0284490394481463,1.421877966754639e-34,2.0284490394481463,0.0,1.421877966754639e-34,162
6,6,True,rings_hamming,2.0284490394481463,1.421877966754639e-34,2.0284490394481463,0.0,1.421877966754639e-34,163
6,6,True,rings_hamming,2.0284490394481463,1.421877966754639e-34,2.0284490394481463,0.0,1.421877966754639e-34,164
6,6,True,rings_hamming,2.0284490394481463,1.421877966754639e-34,2.0284490394481463,0.0,1.421877966754639e-34,165
6,6,True,rings_hamming,2.0284490394481463,1.421877966754639e-34,2.0284490394481463,0.0,1.421877966754639e-34,166
6,6,True,rings_hamming,2.0284490394481463,1.421877966754639e-34,2.0284490394481463,0.0,1.421877966754639e-34,167
6,6,True,rings_hamming,2.0284490394481463,1.421877966754639e-34,2.0284490394481463,0.0,1.421877966754639e-34,168
6,6,True,rings_hamming,2.0284490394481463,1.421877966754639e-34,2.0284490394481463,0.0,1.421877966754639e-34,169
6,6,True,rings_hamming,2.0284490394481463,1.421877966754639e-34,2.0284490394481463,0.0,1.421877966754639e-34,170
6,6,True,rings_hamming,2.0284490394481463,1.421877966754639e-34,2.0284490394481463,0.0,1.421877966754639e-34,171
6,6,True,rings_hamming,2.0284490394481463,1.421877966754639e-34,2.0284490394481463,0.0,1.421877966754639e-34,172
6,6,True,rings_hamming,2.0284490394481463,1.421877966754639e-34,2.0284490394481463,0.0,1.421877966754639e-34,173
6,6,True,rings_hamming,2.0284490394481463,1.421877966754639e-34,2.0284490394481463,0.0,1.421877966754639e-34,174
6,6,True,rings_hamming,2.0284490394481463,1.421877966754639e-34,2.0284490394481463,0.0,1.421877966754639e-34,175
6,6,True,rings_hamming,2.0284490394481463,1.421877966754639e-34,2.0284490394481463,0.0,1.421877966754639e-34,176
6,6,True,rings_hamming,2.0284490394481463,1.421877966754639e-34,2.0284490394481463,0.0,1.421877966754639e-34,177
6,6,True,rings_hamming,2.0284490394481463,1.421877966754639e-34,2.0284490394481463,0.0,1.421877966754639e-34,178
6,6,True,rings_hamming,2.0284490394481463,1.421877966754639e-34,2.0284490394481463,0.0,1.421877966754639e-34,179
6,6,True,rings_hamming,2.0284490394481463,1.421877966754639e-34,2.0284490394481463,0.0,1.421877966754639e-34,180
6,6,True,rings_hamming,2.0284490394481463,1.421877966754639e-34,2.0284490394481463,0.0,1.421877966754639e-34,181
6,6,True,rings_hamming,2.0284490394481463,1.421877966754639e-34,2.0284490394481463,0.0,1.421877966754639e-34,182
6,6,True,rings_hamming,2.0284490394481463,1.421877966754639e-34,2.0284490394481463,0.0,1.421877966754639e-34,183
6,6,True,rings_hamming,2.0284490394481463,1.421877966754639e-34,2.0284490394481463,0.0,1.421877966754639e-34,184
6,6,True,rings_hamming,2.0284490394481463,1.421877966754639e-34,2.0284490394481463,0.0,1.421877966754639e-34,185
6,6,True,rings_hamming,2.0284490394481463,1.421877966754639e-34,2.0284490394481463,0.0,1.421877966754639e-34,186
6,6,True,rings_hamming,2.0284490394481463,1.421877966754639e-34,2.0284490394481463,0.0,1.421877966754639e-34,187
6,6,True,rings_hamming,2.0284490394481463,1.421877966754639e-34,2.0284490394481463,0.0,1.421877966754639e-34,188
6,6,True,rings_hamming,2.0284490394481463,1.421877966754639e-34,2.0284490394481463,0.0,1.421877966754639e-34,189
6,6,True,rings_hamming,2.0284490394481463,1.421877966754639e-34,2.0284490394481463,0.0,1.421877966754639e-34,190
6,6,True,rings_hamming,2.0284490394481463,1.421877966754639e-34,2.0284490394481463,0.0,1.421877966754639e-34,191
6,6,True,rings_hamming,2.0284490394481463,1.421877966754639e-34,2.0284490394481463,0.0,1.421877966754639e-34,192
6,6,True,rings_hamming,2.0284490394481463,1.421877966754639e-34,2.0284490394481463,0.0,1.421877966754639e-34,193
6,6,True,rings_hamming,2.0284490394481463,1.421877966754639e-34,2.0284490394481463,0.0,1.421877966754639e-34,194
6,6,True,rings_hamming,2.0284490394481463,1.421877966754639e-34,2.0284490394481463,0.0,1.421877966754639e-34,195
6,6,True,rings_hamming,2.0284490394481463,1.421877966754639e-34,2.0284490394481463,0.0,1.421877966754639e-34,196
6,6,True,rings_hamming,2.0284490394481463,1.421877966754639e-34,2.0284490394481463,0.0,1.421877966754639e-34,197
6,6,True,rings_hamming,2.0284490394481463,1.421877966754639e-34,2.0284490394481463,0.0,1.421877966754639e-34,198
6,6,True,rings_hamming,2.0284490394481463,1.421877966754639e-34,2.0284490394481463,0.0,1.421877966754639e-34,199
1,8,True,rings_hamming,0.00013609850261425964,0.002245233196499421,0.04239848100006503,2.4223221671024284e-05,0.0022694564181704453,0
1,8,True,rings_hamming,0.00013609850261425964,0.002245233196499421,0.07964401583314554,2.311944495549112e-05,0.002268352641454912,1
1,8,True,rings_hamming,0.00013609850261425964,0.002245233196499421,0.1346936227824826,2.22787900403241e-05,0.002267511986539745,2
1,8,True,rings_hamming,0.00013609850261425964,0.002245233196499421,0.07997423906504407,1.6280259818655333e-05,0.0022615134563180764,3
1,8,True,rings_hamming,0.00013609850261425964,0.002245233196499421,0.062353206129580376,2.4854206382496098e-05,0.002270087402881917,4
1,8,True,rings_hamming,0.00013609850261425964,0.002245233196499421,0.15034289874076953,2.0619330340807592e-05,0.0022658525268402286,5
1,8,True,rings_hamming,0.00013609850261425964,0.002245233196499421,0.24131926434533202,5.613823348873254e-07,0.0022457945788343084,6
1,8,True,rings_hamming,0.00013609850261425964,0.002245233196499421,0.0027008078136593126,2.101193189148415e-05,0.002266245128390905,7
1,8,True,rings_hamming,0.00013609850261425964,0.002245233196499421,0.021803177496650006,-1.752664157874881e-05,0.0022277065549206722,8
1,8,True,rings_hamming,0.00013609850261425964,0.002245233196499421,0.1339396436336833,2.4943590109618215e-05,0.0022701767866090392,9
1,8,True,rings_hamming,0.00013609850261425964,0.002245233196499421,0.08341053806597395,2.5541726391796558e-05,0.0022707749228912176,10
1,8,True,rings_hamming,0.00013609850261425964,0.002245233196499421,0.15972894084921074,2.137775368176451e-05,0.0022666109501811855,11
1,8,True,rings_hamming,0.00013609850261425964,0.002245233196499421,0.06985757864809744,-0.00029754379667021693,0.001947689399829204,12
1,8,True,rings_hamming,0.00013609850261425964,0.002245233196499421,0.03447350514939934,-9.553402256754721e-05,0.002149699173931874,13
1,8,True,rings_hamming,0.00013609850261425964,0.002245233196499421,0.06219958502602789,2.143158305549335e-05,0.0022666647795549144,14
1,8,True,rings_hamming,0.00013609850261425964,0.002245233196499421,0.032684266552917215,-9.600525426517893e-05,0.002149227942234242,15
1,8,True,rings_hamming,0.00013609850261425964,0.002245233196499421,0.25847615547847685,-3.0319186544972617e-05,0.0022149140099544484,16
1,8,True,rings_hamming,0.00013609850261425964,0.002245233196499421,0.04479932856309732,-5.5861218643990865e-05,0.00218937197785543,17
1,8,True,rings_hamming,0.00013609850261425964,0.002245233196499421,0.042898257419469905,2.640075247009729e-05,0.0022716339489695183,18
1,8,True,rings_hamming,0.00013609850261425964,0.002245233196499421,0.20147553780978902,-3.436966787102695e-05,0.002210863528628394,19
1,8,True,rings_hamming,0.00013609850261425964,0.002245233196499421,0.07463888783597272,8.703528716403654e-07,0.0022461035493710614,20
1,8,True,rings_hamming,0.00013609850261425964,0.002245233196499421,0.0088842524671825,2.6686762682015357e-05,0.0022719199591814364,21
1,8,True,rings_hamming,0.00013609850261425964,0.002245233196499421,0.07154416451617887,2.6599938644437764e-05,0.002271833135143859,22
1,8,True,rings_hamming,0.00013609850261425964,0.002245233196499421,0.13777455587076362,2.68368112857696e-05,0.0022720700077851906,23
1,8,True,rings_hamming,0.00013609850261425964,0.002245233196499421,0.5791185479011735,2.6853855330348075e-05,0.002272087051829769,24
1,8,True,rings_hamming,0.00013609850261425964,0.002245233196499421,0.0941506917501087,-1.5433183780681672e-05,0.0022298000127187394,25
1,8,True,rings_hamming,0.00013609850261425964,0.002245233196499421,0.02096609426014469,-0.00014868207304317939,0.0020965511234562416,26
1,8,True,rings_hamming,0.00013609850261425964,0.002245233196499421,0.0020580703215255123,1.7245571583062932e-05,0.002262478768082484,27
1,8,True,rings_hamming,0.00013609850261425964,0.002245233196499421,0.01462758928325711,2.5243613360380595e-05,0.0022704768098598016,28
1,8,True,rings_hamming,0.00013609850261425964,0.002245233196499421,0.09744820330862487,2.2108512156869715e-05,0.0022673417086562907,29
1,8,True,rings_hamming,0.00013609850261425964,0.002245233196499421,0.01716179707011479,-9.678181163355962e-06,0.002235555015336065,30
1,8,True,rings_hamming,0.00013609850261425964,0.002245233196499421,0.07018270217801856,-0.00029633962410409984,0.0019488935723953212,31
1,8,True,rings_hamming,0.00013609850261425964,0.002245233196499421,0.018822998780190846,2.6857376250214067e-05,0.002272090572749635,32
1,8,True,rings_hamming,0.00013609850261425964,0.002245233196499421,0.006865380478671447,2.5937928390922047e-05,0.002271171124890343,33
1,8,True,rings_hamming,0.00013609850261425964,0.002245233196499421,0.07414383048616371,-2.622798787729882e-05,0.002219005208622122,34
1,8,True,rings_hamming,0.00013609850261425964,0.002245233196499421,0.01182790074934117,1.2047034593995476e-06,0.0022464378999588206,35
1,8,True,rings_hamming,0.00013609850261425964,0.002245233196499421,0.10105185497625963,2.6760168063784916e-05,0.002271993364563206,36
1,8,True,rings_hamming,0.00013609850261425964,0.002245233196499421,0.00972136587159894,2.660841043242981e-05,0.002271841606931851,37
1,8,True,rings_hamming,0.00013609850261425964,0.002245233196499421,0.07226519798996733,2.563518080889388e-05,0.002270868377308315,38
1,8,True,rings_hamming,0.00013609850261425964,0.002245233196499421,0.025649365451772578,-0.00037987912409509386,0.0018653540724043272,39
1,8,True,rings_hamming,0.00013609850261425964,0.002245233196499421,0.11726453596711778,-2.8395738708330686e-05,0.0022168374577910903,40
1,8,True,rings_hamming,0.00013609850261425964,0.002245233196499421,0.0749915323401007,-0.00028361566718664456,0.0019616175293127765,41
1,8,True,rings_hamming,0.00013609850261425964,0.002245233196499421,0.02025745244506764,2.662932902199478e-05,0.002271862525521416,42
1,8,True,rings_hamming,0.00013609850261425964,0.002245233196499421,0.04631619398507607,2.533264831031893e-05,0.00227056584480974,43
1,8,True,rings_hamming,0.00013609850261425964,0.002245233196499421,0.03471539197919651,-9.581370208097207e-05,0.002149419494418449,44
1,8,True,rings_hamming,0.00013609850261425964,0.002245233196499421,0.17975334491062017,2.4938478536494675e-05,0.0022701716750359157,45
1,8,True,rings_hamming,0.00013609850261425964,0.002245233196499421,0.001229455766215316,-0.00011625068107825589,0.002128982515421165,46
1,8,True,rings_hamming,0.00013609850261425964,0.002245233196499421,0.08475538123361666,-0.0002227360566217744,0.0020224971398776466,47
1,8,True,rings_hamming,0.00013609850261425964,0.002245233196499421,0.04605194248507935,2.6833628145710338e-05,0.0022720668246451314,48
1,8,True,rings_hamming,0.00013609850261425964,0.002245233196499421,0.13720941032084497,2.4855909438724257e-05,0.0022700891059381453,49
1,8,True,rings_hamming,0.00013609850261425964,0.002245233196499421,0.012740839357065407,-0.00011546040885907199,0.002129772787640349,50
1,8,True,rings_hamming,0.00013609850261425964,0.002245233196499421,0.0107798610087616,5.695552191486118e-07,0.0022458027517185696,51
1,8,True,rings_hamming,0.00013609850261425964,0.002245233196499421,0.09805483193758906,1.5299722754098192e-05,0.0022605329192535192,52
1,8,True,rings_hamming,0.00013609850261425964,0.002245233196499421,0.18071386044800672,-0.00010077990752808616,0.002144453288971335,53
1,8,True,rings_hamming,0.00013609850261425964,0.002245233196499421,0.012024700054052437,2.60327256044828e-05,0.002271265922103904,54
1,8,True,rings_hamming,0.00013609850261425964,0.002245233196499421,0.11236493618134645,-9.791091988221607e-06,0.0022354421045111994,55
1,8,True,rings_hamming,0.00013609850261425964,0.002245233196499421,0.011046822219681257,2.4425915828352185e-05,0.002269659112327773,56
1,8,True,rings_hamming,0.00013609850261425964,0.002245233196499421,0.09966833050364764,-0.0004444621078355988,0.0018007710886638222,57
1,8,True,rings_hamming,0.00013609850261425964,0.002245233196499421,0.09278661858017734,-2.257063806558081e-05,0.0022226625584338402,58
1,8,True,rings_hamming,0.00013609850261425964,0.002245233196499421,0.051068360290342396,-0.00014264659739119268,0.0021025865991082283,59
1,8,True,rings_hamming,0.00013609850261425964,0.002245233196499421,0.014662067822828698,-4.107886229664116e-05,0.00220415433420278,60
1,8,True,rings_hamming,0.00013609850261425964,0.002245233196499421,0.2846592715611275,2.403142266526291e-05,0.002269264619164684,61
1,8,True,rings_hamming,0.00013609850261425964,0.002245233196499421,0.042813123471782386,-5.7410298957758215e-05,0.002187822897541663,62
1,8,True,rings_hamming,0.00013609850261425964,0.002245233196499421,0.1515341374164238,2.4889405861394133e-05,0.002270122602360815,63
1,8,True,rings_hamming,0.00013609850261425964,0.002245233196499421,0.09751565537435292,-0.0002980262735195135,0.0019472069229799075,64
1,8,True,rings_hamming,0.00013609850261425964,0.002245233196499421,0.0265725039488074,-7.290324905054801e-05,0.002172329947448873,65
1,8,True,rings_hamming,0.00013609850261425964,0.002245233196499421,0.02169117826114992,3.5806518645198175e-06,0.002248813848363941,66
1,8,True,rings_hamming,0.00013609850261425964,0.002245233196499421,0.061314165004899834,-0.0003126164292017524,0.0019326167672976686,67
1,8,True,rings_hamming,0.00013609850261425964,0.002245233196499421,0.09036445242696338,2.141908630546186e-05,0.002266652282804883,68
1,8,True,rings_hamming,0.00013609850261425964,0.002245233196499421,0.053959250739296936,2.5033872954494975e-05,0.002270267069453916,69
1,8,True,rings_hamming,0.00013609850261425964,0.002245233196499421,0.002933583109743145,2.539405685351775e-05,0.0022706272533529388,70
1,8,True,rings_hamming,0.00013609850261425964,0.002245233196499421,0.07913207357310792,2.4917329869336008e-05,0.002270150526368757,71
1,8,True,rings_hamming,0.00013609850261425964,0.002245233196499421,0.016409231044906283,-1.1814931342832898e-05,0.002233418265156588,72
1,8,True,rings_hamming,0.00013609850261425964,0.002245233196499421,0.0037715273560917926,2.4162219048546544e-05,0.0022693954155479676,73
1,8,True,rings_hamming,0.00013609850261425964,0.002245233196499421,0.06395420928345497,2.6300120075675032e-05,0.002271533316575096,74
1,8,True,rings_hamming,0.00013609850261425964,0.002245233196499421,0.06823727926367262,2.6756950947119402e-05,0.0022719901474465404,75
1,8,True,rings_hamming,0.00013609850261425964,0.002245233196499421,0.030582752206828184,1.3615018414462471e-05,0.0022588482149138835,76
1,8,True,rings_hamming,0.00013609850261425964,0.002245233196499421,0.0646381531664295,-0.000131474178341218,0.002113759018158203,77
1,8,True,rings_hamming,0.00013609850261425964,0.002245233196499421,0.23817259179923359,2.6350021733423726e-05,0.0022715832182328448,78
1,8,True,rings_hamming,0.00013609850261425964,0.002245233196499421,0.004584464622949878,-0.00021329316279909433,0.0020319400337003267,79
1,8,True,rings_hamming,0.00013609850261425964,0.002245233196499421,0.004894307627057251,-0.00023340742880820047,0.0020118257676912206,80
1,8,True,rings_hamming,0.00013609850261425964,0.002245233196499421,0.1404999432692013,-0.000220772112395825,0.002024461084103596,81
1,8,True,rings_hamming,0.00013609850261425964,0.002245233196499421,0.07623775922617361,2.579435843463136e-05,0.0022710275549340524,82
1,8,True,rings_hamming,0.00013609850261425964,0.002245233196499421,0.6262704440537495,-0.00013639590986287914,0.002108837286636542,83
1,8,True,rings_hamming,0.00013609850261425964,0.002245233196499421,0.32466663705975896,-0.0002822125639980423,0.0019630206325013787,84
1,8,True,rings_hamming,0.00013609850261425964,0.002245233196499421,0.16913468794753436,2.451809352487346e-05,0.0022697512900242945,85
1,8,True,rings_hamming,0.00013609850261425964,0.002245233196499421,0.07036169226360844,2.191386209519355e-05,0.0022671470585946146,86
1,8,True,rings_hamming,0.00013609850261425964,0.002245233196499421,0.010529805145178596,-4.129863791491441e-05,0.0022039345585845066,87
1,8,True,rings_hamming,0.00013609850261425964,0.002245233196499421,0.007497009411244623,2.5994851155891098e-05,0.002271228047655312,88
1,8,True,rings_hamming,0.00013609850261425964,0.002245233196499421,0.024116374099537877,2.4047439923539568e-05,0.0022692806364229606,89
1,8,True,rings_hamming,0.00013609850261425964,0.002245233196499421,0.1111154926877355,2.213234174757925e-05,0.0022673655382470003,90
1,8,True,rings_hamming,0.00013609850261425964,0.002245233196499421,0.005008579676120829,2.6627443984459428e-05,0.0022718606404838805,91
1,8,True,rings_hamming,0.00013609850261425964,0.002245233196499421,0.02549485117963232,1.4056125070267649e-05,0.0022592893215696887,92
1,8,True,rings_hamming,0.00013609850261425964,0.002245233196499421,0.06942342814851755,2.6675318770015468e-05,0.0022719085152694365,93
1,8,True,rings_hamming,0.00013609850261425964,0.002245233196499421,0.07953783643067235,2.682342651146464e-05,0.0022720566230108857,94
1,8,True,rings_hamming,0.00013609850261425964,0.002245233196499421,0.17240233806379507,2.164923498658303e-05,0.002266882431486004,95
1,8,True,rings_hamming,0.00013609850261425964,0.002245233196499421,0.002805548213588168,-0.00011610594139632984,0.002129127255103091,96
1,8,True,rings_hamming,0.00013609850261425964,0.002245233196499421,0.09912466145527321,-0.0003783306183549539,0.0018669025781444671,97
1,8,True,rings_hamming,0.00013609850261425964,0.002245233196499421,0.006489985723902617,-0.00038365205036732116,0.0018615811461320999,98
1,8,True,rings_hamming,0.00013609850261425964,0.002245233196499421,0.15336994496253714,-0.0002592713733634913,0.0019859618231359297,99
1,8,True,rings_hamming,0.00013609850261425964,0.002245233196499421,0.0896410238001324,-0.00031282676793302966,0.0019324064285663914,100
1,8,True,rings_hamming,0.00013609850261425964,0.002245233196499421,0.6501258122558969,1.9150940339534867e-05,0.002264384136838956,101
1,8,True,rings_hamming,0.00013609850261425964,0.002245233196499421,0.036664300833541,1.7537416968483373e-05,0.0022627706134679044,102
1,8,True,rings_hamming,0.00013609850261425964,0.002245233196499421,0.12922597865253724,2.6728901404505893e-05,0.002271962097903927,103
1,8,True,rings_hamming,0.00013609850261425964,0.002245233196499421,0.011877424734859898,-0.0003007960508419178,0.0019444371456575032,104
1,8,True,rings_hamming,0.00013609850261425964,0.002245233196499421,0.004702944806960308,2.6705561340370585e-05,0.0022719387578397916,105
1,8,True,rings_hamming,0.00013609850261425964,0.002245233196499421,0.19542708226305167,-0.00029441507060270675,0.0019508181258967143,106
1,8,True,rings_hamming,0.00013609850261425964,0.002245233196499421,0.10479987564674663,2.680686385430611e-05,0.002272040060353727,107
1,8,True,rings_hamming,0.00013609850261425964,0.002245233196499421,0.007579148352976369,-0.00022257459978799023,0.002022658596711431,108
1,8,True,rings_hamming,0.00013609850261425964,0.002245233196499421,0.16220810484556766,-0.00021510645927150934,0.0020301267372279117,109
1,8,True,rings_hamming,0.00013609850261425964,0.002245233196499421,0.0902830540173697,-8.888044588771342e-06,0.0022363451519106497,110
1,8,True,rings_hamming,0.00013609850261425964,0.002245233196499421,0.012631140908868384,5.739221041602821e-06,0.002250972417541024,111
1,8,True,rings_hamming,0.00013609850261425964,0.002245233196499421,0.006863093517816112,2.44371073694666e-05,0.0022696703038688876,112
1,8,True,rings_hamming,0.00013609850261425964,0.002245233196499421,0.07209782533995585,-0.0002139767986331022,0.002031256397866319,113
1,8,True,rings_hamming,0.00013609850261425964,0.002245233196499421,0.11237326228571357,2.6835681587293343e-05,0.0022720688780867144,114
1,8,True,rings_hamming,0.00013609850261425964,0.002245233196499421,0.08329714180134402,2.6028485829612206e-05,0.0022712616823290332,115
1,8,True,rings_hamming,0.00013609850261425964,0.002245233196499421,0.15456679992356556,-2.71419358077174e-05,0.0022180912606917036,116
1,8,True,rings_hamming,0.00013609850261425964,0.002245233196499421,0.05303568163920796,2.27389757457043e-05,0.0022679721722451253,117
1,8,True,rings_hamming,0.00013609850261425964,0.002245233196499421,0.005459754397481537,2.6716090630708213e-05,0.0022719492871301292,118
1,8,True,rings_hamming,0.00013609850261425964,0.002245233196499421,0.09133268192616131,1.771767370111572e-05,0.0022629508702005367,119
1,8,True,rings_hamming,0.00013609850261425964,0.002245233196499421,0.006675830185365414,2.620163458783584e-05,0.002271434831087257,120
1,8,True,rings_hamming,0.00013609850261425964,0.002245233196499421,0.007922427838101528,2.283389805510759e-05,0.0022680670945545286,121
1,8,True,rings_hamming,0.00013609850261425964,0.002245233196499421,0.016487309286435874,-0.00018194278423902402,0.002063290412260397,122
1,8,True,rings_hamming,0.00013609850261425964,0.002245233196499421,0.006652797954354565,1.5193179876885239e-05,0.0022604263763763063,123
1,8,True,rings_hamming,0.00013609850261425964,0.002245233196499421,0.03492813578811121,2.6618428693529848e-05,0.002271851625192951,124
1,8,True,rings_hamming,0.00013609850261425964,0.002245233196499421,0.012411543784859261,2.117928736456191e-05,0.002266412483863983,125
1,8,True,rings_hamming,0.00013609850261425964,0.002245233196499421,0.00860457906052049,-0.0002969666944632292,0.0019482665020361918,126
1,8,True,rings_hamming,0.00013609850261425964,0.002245233196499421,0.07864264697421587,-2.6296577883432384e-05,0.0022189366186159886,127
1,8,True,rings_hamming,0.00013609850261425964,0.002245233196499421,0.15607426515231812,2.4322496500256505e-05,0.0022695556929996775,128
1,8,True,rings_hamming,0.00013609850261425964,0.002245233196499421,0.16188500420566512,-7.186503442508339e-06,0.0022380466930569127,129
1,8,True,rings_hamming,0.00013609850261425964,0.002245233196499421,0.05876409573870301,-2.431657718989736e-06,0.0022428015387804313,130
1,8,True,rings_hamming,0.00013609850261425964,0.002245233196499421,0.2453748794427853,2.3210855023816576e-06,0.0022475542820018027,131
1,8,True,rings_hamming,0.00013609850261425964,0.002245233196499421,0.022918599488782092,1.211805749944941e-05,0.0022573512539988704,132
1,8,True,rings_hamming,0.00013609850261425964,0.002245233196499421,0.049324716216080415,2.5110955596234583e-05,0.0022703441520956556,133
1,8,True,rings_hamming,0.00013609850261425964,0.002245233196499421,0.6125520194547988,2.4977466699886014e-05,0.002270210663199307,134
1,8,True,rings_hamming,0.00013609850261425964,0.002245233196499421,0.20393521054622166,2.6706824879998113e-05,0.002271940021379419,135
1,8,True,rings_hamming,0.00013609850261425964,0.002245233196499421,0.028113680994707103,-0.000284040469926469,0.001961192726572952,136
1,8,True,rings_hamming,0.00013609850261425964,0.002245233196499421,0.025942259216712657,-1.4776474565997375e-05,0.0022304567219334237,137
1,8,True,rings_hamming,0.00013609850261425964,0.002245233196499421,0.03908674220109849,-2.2573149753457155e-05,0.002222660046745964,138
1,8,True,rings_hamming,0.00013609850261425964,0.002245233196499421,0.5598128237928968,2.670494060800577e-05,0.002271938137107427,139
1,8,True,rings_hamming,0.00013609850261425964,0.002245233196499421,0.01606564348381818,-7.092927745232409e-06,0.0022381402687541886,140
1,8,True,rings_hamming,0.00013609850261425964,0.002245233196499421,0.0643632308665528,-0.00022628104869724637,0.0020189521478021747,141
1,8,True,rings_hamming,0.00013609850261425964,0.002245233196499421,0.16015031240019134,1.2903237020120851e-05,0.002258136433519542,142
1,8,True,rings_hamming,0.00013609850261425964,0.002245233196499421,0.014245632027510786,2.6757576799815892e-05,0.002271990773299237,143
1,8,True,rings_hamming,0.00013609850261425964,0.002245233196499421,0.004985831533891153,2.682856978184541e-05,0.0022720617662812664,144
1,8,True,rings_hamming,0.00013609850261425964,0.002245233196499421,0.10641310679852257,-2.5632406950872565e-05,0.0022196007895485485,145
1,8,True,rings_hamming,0.00013609850261425964,0.002245233196499421,0.1626575752124666,8.989188587968204e-07,0.002246132115358218,146
1,8,True,rings_hamming,0.00013609850261425964,0.002245233196499421,0.07145459452779168,-2.450483809686519e-06,0.0022427827126897345,147
1,8,True,rings_hamming,0.00013609850261425964,0.002245233196499421,0.022114173737987023,-0.0001620923893271512,0.00208314080717227,148
1,8,True,rings_hamming,0.00013609850261425964,0.002245233196499421,0.002745438803700102,2.3565181715821774e-05,0.002268798378215243,149
1,8,True,rings_hamming,0.00013609850261425964,0.002245233196499421,0.01082818566462036,1.251834469173001e-05,0.002257751541191151,150
1,8,True,rings_hamming,0.00013609850261425964,0.002245233196499421,0.08687927766162233,2.5331063488541212e-05,0.0022705642599879622,151
1,8,True,rings_hamming,0.00013609850261425964,0.002245233196499421,0.12344616165333533,-2.7272356689860434e-05,0.0022179608398095606,152
1,8,True,rings_hamming,0.00013609850261425964,0.002245233196499421,0.19736533422646402,2.129255876961479e-05,0.002266525755269036,153
1,8,True,rings_hamming,0.00013609850261425964,0.002245233196499421,0.09014926743892575,-2.2571709140302345e-05,0.0022226614873591187,154
1,8,True,rings_hamming,0.00013609850261425964,0.002245233196499421,0.009723138280850203,1.81517136464116e-05,0.0022633849101458326,155
1,8,True,rings_hamming,0.00013609850261425964,0.002245233196499421,0.0046079561861737724,-0.0006976322990861644,0.0015476008974132567,156
1,8,True,rings_hamming,0.00013609850261425964,0.002245233196499421,0.0078855611192686,-0.00021332024012657696,0.002031912956372844,157
1,8,True,rings_hamming,0.00013609850261425964,0.002245233196499421,0.047996330431757245,-2.566377775522436e-05,0.0022195694187441967,158
1,8,True,rings_hamming,0.00013609850261425964,0.002245233196499421,0.013289472669393069,8.855290740313222e-06,0.0022540884872397342,159
1,8,True,rings_hamming,0.00013609850261425964,0.002245233196499421,0.050896397648627995,-0.00017011127386610224,0.002075121922633319,160
1,8,True,rings_hamming,0.00013609850261425964,0.002245233196499421,0.014360165549169615,2.668819694030388e-05,0.002271921393439725,161
1,8,True,rings_hamming,0.00013609850261425964,0.002245233196499421,0.10857944193562831,-1.791345074892304e-05,0.002227319745750498,162
1,8,True,rings_hamming,0.00013609850261425964,0.002245233196499421,0.05428603612264556,1.8643707864833634e-05,0.0022638769043642547,163
1,8,True,rings_hamming,0.00013609850261425964,0.002245233196499421,0.04755061497338714,-0.00012344873005936405,0.002121784466440057,164
1,8,True,rings_hamming,0.00013609850261425964,0.002245233196499421,0.07111033831345738,2.3856041303236056e-06,0.0022476188006297446,165
1,8,True,rings_hamming,0.00013609850261425964,0.002245233196499421,0.5538853976817014,-2.652561173375166e-05,0.0022187075847656694,166
1,8,True,rings_hamming,0.00013609850261425964,0.002245233196499421,0.006319113558121647,1.6386726432210137e-05,0.002261619922931631,167
1,8,True,rings_hamming,0.00013609850261425964,0.002245233196499421,0.09548021826020811,-0.00021780323371777943,0.0020274299627816416,168
1,8,True,rings_hamming,0.00013609850261425964,0.002245233196499421,0.15449801146295697,-0.00011474175567300054,0.0021304914408264205,169
1,8,True,rings_hamming,0.00013609850261425964,0.002245233196499421,0.007638656249668434,2.680583485322732e-05,0.0022720390313526483,170
1,8,True,rings_hamming,0.00013609850261425964,0.002245233196499421,0.0824465209900209,2.3990217734293478e-05,0.0022692234142337145,171
1,8,True,rings_hamming,0.00013609850261425964,0.002245233196499421,0.05224726516300788,-4.497289595716209e-05,0.002200260300542259,172
1,8,True,rings_hamming,0.00013609850261425964,0.002245233196499421,0.027419406431982794,5.117254281045234e-06,0.0022503504507804663,173
1,8,True,rings_hamming,0.00013609850261425964,0.002245233196499421,0.08722636532432443,2.2844531335246797e-05,0.002268077727834668,174
1,8,True,rings_hamming,0.00013609850261425964,0.002245233196499421,0.08569599832273829,3.326147601781168e-06,0.002248559344101202,175
1,8,True,rings_hamming,0.00013609850261425964,0.002245233196499421,0.008612679702760645,2.232249643207727e-05,0.0022675556929314983,176
1,8,True,rings_hamming,0.00013609850261425964,0.002245233196499421,0.07809326527686344,2.673173227300471e-05,0.0022719649287724257,177
1,8,True,rings_hamming,0.00013609850261425964,0.002245233196499421,0.06714784123812427,-0.0005287852238874762,0.0017164479726119448,178
1,8,True,rings_hamming,0.00013609850261425964,0.002245233196499421,0.04623810150084313,-0.0003707564861632946,0.0018744767103361264,179
1,8,True,rings_hamming,0.00013609850261425964,0.002245233196499421,0.20284114643821663,2.6174967257013536e-05,0.0022714081637564346,180
1,8,True,rings_hamming,0.00013609850261425964,0.002245233196499421,0.17357789322326403,2.6827888430848955e-05,0.00227206108493027,181
1,8,True,rings_hamming,0.00013609850261425964,0.002245233196499421,0.0730400764329473,2.6828827506028986e-05,0.00227206202400545,182
1,8,True,rings_hamming,0.00013609850261425964,0.002245233196499421,0.030318792891839214,2.5147884251092156e-05,0.002270381080750513,183
1,8,True,rings_hamming,0.00013609850261425964,0.002245233196499421,0.013159231409761041,2.5039971318641108e-06,0.002247737193631285,184
1,8,True,rings_hamming,0.00013609850261425964,0.002245233196499421,0.1688237962803033,2.395995717510528e-05,0.0022691931536745263,185
1,8,True,rings_hamming,0.00013609850261425964,0.002245233196499421,0.16410987905482782,-2.909929470050563e-05,0.0022161339017989154,186
1,8,True,rings_hamming,0.00013609850261425964,0.002245233196499421,0.008567621701833039,2.682809559369356e-05,0.0022720612920931146,187
1,8,True,rings_hamming,0.00013609850261425964,0.002245233196499421,0.08585601554197593,2.685743298279841e-05,0.0022720906294822194,188
1,8,True,rings_hamming,0.00013609850261425964,0.002245233196499421,0.09060525559823178,2.6793966211692902e-05,0.002272027162711114,189
1,8,True,rings_hamming,0.00013609850261425964,0.002245233196499421,0.04599070288655343,2.5013209620087292e-05,0.0022702464061195083,190
1,8,True,rings_hamming,0.00013609850261425964,0.002245233196499421,0.714041333713706,2.3171801747720946e-05,0.002268404998247142,191
1,8,True,rings_hamming,0.00013609850261425964,0.002245233196499421,0.02991362408865644,-9.570244604029977e-05,0.0021495307504591213,192
1,8,True,rings_hamming,0.00013609850261425964,0.002245233196499421,0.6565583138334414,1.8801069575740282e-05,0.0022640342660751613,193
1,8,True,rings_hamming,0.00013609850261425964,0.002245233196499421,0.03533903178680982,-1.1325631054169387e-05,0.0022339075654452516,194
1,8,True,rings_hamming,0.00013609850261425964,0.002245233196499421,0.022382756169030314,2.335549082187107e-05,0.002268588687321292,195
1,8,True,rings_hamming,0.00013609850261425964,0.002245233196499421,0.23453132792704237,1.8133856510210884e-05,0.002263367053009632,196
1,8,True,rings_hamming,0.00013609850261425964,0.002245233196499421,0.17416023154634896,2.6059214721847225e-05,0.0022712924112212683,197
1,8,True,rings_hamming,0.00013609850261425964,0.002245233196499421,0.005589682935213053,2.4823507742261202e-05,0.0022700567042416822,198
1,8,True,rings_hamming,0.00013609850261425964,0.002245233196499421,0.09351512208360532,-0.00037822446498226485,0.0018670087315171562,199
2,8,True,rings_hamming,0.27016234708146947,0.000913768304906908,0.38492655024509687,0.0006215113920175217,0.0015352796969244297,0
2,8,True,rings_hamming,0.27016234708146947,0.000913768304906908,0.4752187912130997,0.0010176462646713199,0.001931414569578228,1
2,8,True,rings_hamming,0.27016234708146947,0.000913768304906908,0.8957573708806801,0.0012718050483374152,0.0021855733532443232,2
2,8,True,rings_hamming,0.27016234708146947,0.000913768304906908,0.21063376154624278,0.0010717552254383318,0.00198552353034524,3
2,8,True,rings_hamming,0.27016234708146947,0.000913768304906908,0.23665267778751686,0.000851892385540685,0.001765660690447593,4
2,8,True,rings_hamming,0.27016234708146947,0.000913768304906908,0.2687792017578954,0.0013220744747590458,0.002235842779665954,5
2,8,True,rings_hamming,0.27016234708146947,0.000913768304906908,0.265690711882947,0.0013203991312390603,0.0022341674361459683,6
2,8,True,rings_hamming,0.27016234708146947,0.000913768304906908,0.180018523018925,0.0008843788360457798,0.0017981471409526878,7
2,8,True,rings_hamming,0.27016234708146947,0.000913768304906908,0.3244406519426757,0.0006713973305239342,0.0015851656354308422,8
2,8,True,rings_hamming,0.27016234708146947,0.000913768304906908,0.39386803603532733,0.0010445250427166268,0.001958293347623535,9
2,8,True,rings_hamming,0.27016234708146947,0.000913768304906908,0.2513768262782788,0.0006731558520351793,0.0015869241569420873,10
2,8,True,rings_hamming,0.27016234708146947,0.000913768304906908,0.2607582797592764,0.000584446018908733,0.001498214323815641,11
2,8,True,rings_hamming,0.27016234708146947,0.000913768304906908,0.6419393363874106,0.0013156261995651481,0.002229394504472056,12
2,8,True,rings_hamming,0.27016234708146947,0.000913768304906908,0.24908075189602208,0.0009337123315130212,0.0018474806364199292,13
2,8,True,rings_hamming,0.27016234708146947,0.000913768304906908,0.3149256146112207,0.001019384207961791,0.001933152512868699,14
2,8,True,rings_hamming,0.27016234708146947,0.000913768304906908,0.8018998026994789,0.00082037053052943,0.001734138835436338,15
2,8,True,rings_hamming,0.27016234708146947,0.000913768304906908,0.4131769861906847,0.0007022098605876021,0.0016159781654945101,16
2,8,True,rings_hamming,0.27016234708146947,0.000913768304906908,0.23994659276281147,0.0010468304756596847,0.0019605987805665927,17
2,8,True,rings_hamming,0.27016234708146947,0.000913768304906908,0.3548893443807386,0.001220743369827063,0.002134511674733971,18
2,8,True,rings_hamming,0.27016234708146947,0.000913768304906908,0.688704770228607,0.001317498934967814,0.002231267239874722,19
2,8,True,rings_hamming,0.27016234708146947,0.000913768304906908,0.30779951925293597,0.0009855574252351418,0.0018993257301420498,20
2,8,True,rings_hamming,0.27016234708146947,0.000913768304906908,0.2842808673034737,0.0013320196546903942,0.002245787959597302,21
2,8,True,rings_hamming,0.27016234708146947,0.000913768304906908,0.2499994679108814,0.0013213289189282097,0.0022350972238351177,22
2,8,True,rings_hamming,0.27016234708146947,0.000913768304906908,0.6484814727097052,0.0008673492938346891,0.0017811175987415971,23
2,8,True,rings_hamming,0.27016234708146947,0.000913768304906908,0.2966495444431148,0.0013436701877442623,0.0022574384926511704,24
2,8,True,rings_hamming,0.27016234708146947,0.000913768304906908,0.347917606608265,0.0010603522583409889,0.001974120563247897,25
2,8,True,rings_hamming,0.27016234708146947,0.000913768304906908,0.4080603876196227,0.0009563536601592186,0.0018701219650661266,26
2,8,True,rings_hamming,0.27016234708146947,0.000913768304906908,0.2893399958834512,0.0013334987747870846,0.0022472670796939926,27
2,8,True,rings_hamming,0.27016234708146947,0.000913768304906908,0.3339534985499956,0.0011208063359524584,0.0020345746408593664,28
2,8,True,rings_hamming,0.27016234708146947,0.000913768304906908,0.2241979107797055,0.0007687126453464518,0.0016824809502533598,29
2,8,True,rings_hamming,0.27016234708146947,0.000913768304906908,0.3948869619075226,0.0010277819138337244,0.0019415502187406324,30
2,8,True,rings_hamming,0.27016234708146947,0.000913768304906908,0.30223220515469185,0.0010413227898512976,0.0019550910947582056,31
2,8,True,rings_hamming,0.27016234708146947,0.000913768304906908,0.7473928548752128,0.0012001447308647075,0.0021139130357716155,32
2,8,True,rings_hamming,0.27016234708146947,0.000913768304906908,0.3108598104883551,0.0011236218874423843,0.0020373901923492923,33
2,8,True,rings_hamming,0.27016234708146947,0.000913768304906908,0.09532708926435088,0.0012964433782682774,0.0022102116831751854,34
2,8,True,rings_hamming,0.27016234708146947,0.000913768304906908,0.45552956918441945,0.0013367116506775092,0.0022504799555844173,35
2,8,True,rings_hamming,0.27016234708146947,0.000913768304906908,0.3779052239206247,0.001296654033905492,0.0022104223388124,36
2,8,True,rings_hamming,0.27016234708146947,0.000913768304906908,0.2849707887309676,0.0007226551689390648,0.0016364234738459728,37
2,8,True,rings_hamming,0.27016234708146947,0.000913768304906908,0.41295894349800844,0.0010553957833815937,0.0019691640882885018,38
2,8,True,rings_hamming,0.27016234708146947,0.000913768304906908,0.2857962009955383,0.0013281835336357126,0.0022419518385426206,39
2,8,True,rings_hamming,0.27016234708146947,0.000913768304906908,0.143897512988398,0.0010242546047598163,0.0019380229096667243,40
2,8,True,rings_hamming,0.27016234708146947,0.000913768304906908,0.3038220949556731,0.0012419442543565428,0.002155712559263451,41
2,8,True,rings_hamming,0.27016234708146947,0.000913768304906908,0.18407300221462355,0.0009842363537162996,0.0018980046586232076,42
2,8,True,rings_hamming,0.27016234708146947,0.000913768304906908,0.30565859921801336,0.0011036692944116876,0.0020174375993185956,43
2,8,True,rings_hamming,0.27016234708146947,0.000913768304906908,0.14869051200812988,0.001330003555316566,0.002243771860223474,44
2,8,True,rings_hamming,0.27016234708146947,0.000913768304906908,0.47086585662249764,0.0011595023907396752,0.002073270695646583,45
2,8,True,rings_hamming,0.27016234708146947,0.000913768304906908,0.11483277407012579,0.00028896275361787105,0.001202731058524779,46
2,8,True,rings_hamming,0.27016234708146947,0.000913768304906908,0.2637636855252513,0.0005822794714935495,0.0014960477764004575,47
2,8,True,rings_hamming,0.27016234708146947,0.000913768304906908,0.17259118230924203,0.0007675679658326784,0.0016813362707395864,48
2,8,True,rings_hamming,0.27016234708146947,0.000913768304906908,0.274601038936711,0.0007660347616968942,0.0016798030666038022,49
2,8,True,rings_hamming,0.27016234708146947,0.000913768304906908,0.22055949956820162,0.001266152020979779,0.002179920325886687,50
2,8,True,rings_hamming,0.27016234708146947,0.000913768304906908,0.31013109056358706,0.001213741838067833,0.002127510142974741,51
2,8,True,rings_hamming,0.27016234708146947,0.000913768304906908,0.2971900733039256,0.0009014917305605824,0.0018152600354674905,52
2,8,True,rings_hamming,0.27016234708146947,0.000913768304906908,0.09978356598203786,0.001344251544754088,0.002258019849660996,53
2,8,True,rings_hamming,0.27016234708146947,0.000913768304906908,0.45233861654794105,0.0012461483128635101,0.002159916617770418,54
2,8,True,rings_hamming,0.27016234708146947,0.000913768304906908,0.5018110431274246,0.0009631793443456139,0.0018769476492525219,55
2,8,True,rings_hamming,0.27016234708146947,0.000913768304906908,0.44426577309296966,0.0009115648355387744,0.0018253331404456824,56
2,8,True,rings_hamming,0.27016234708146947,0.000913768304906908,0.37015231371476703,0.001113252254265854,0.002027020559172762,57
2,8,True,rings_hamming,0.27016234708146947,0.000913768304906908,0.48200005757665115,0.0013162147851458654,0.0022299830900527734,58
2,8,True,rings_hamming,0.27016234708146947,0.000913768304906908,0.0873200664004234,0.0012460458882606988,0.002159814193167607,59
2,8,True,rings_hamming,0.27016234708146947,0.000913768304906908,0.1470364558800546,0.001298369585643591,0.002212137890550499,60
2,8,True,rings_hamming,0.27016234708146947,0.000913768304906908,0.2842340346928232,0.0011091793380487327,0.0020229476429556408,61
2,8,True,rings_hamming,0.27016234708146947,0.000913768304906908,0.3850570564606009,0.0013293023186054598,0.002243070623512368,62
2,8,True,rings_hamming,0.27016234708146947,0.000913768304906908,0.35086931003745137,0.0013326209575109152,0.0022463892624178233,63
2,8,True,rings_hamming,0.27016234708146947,0.000913768304906908,0.24701804827581528,0.0011289253859199959,0.002042693690826904,64
2,8,True,rings_hamming,0.27016234708146947,0.000913768304906908,0.34952848092248956,0.0009288951062782365,0.0018426634111851446,65
2,8,True,rings_hamming,0.27016234708146947,0.000913768304906908,0.2642286713398884,0.0008395393672812319,0.00175330767218814,66
2,8,True,rings_hamming,0.27016234708146947,0.000913768304906908,0.22938497900496735,0.0013115623192666006,0.0022253306241735086,67
2,8,True,rings_hamming,0.27016234708146947,0.000913768304906908,0.5635369162338001,0.0009764557395456797,0.0018902240444525877,68
2,8,True,rings_hamming,0.27016234708146947,0.000913768304906908,0.31003866570681893,0.0010223698806386885,0.0019361381855455965,69
2,8,True,rings_hamming,0.27016234708146947,0.000913768304906908,0.21095948134148504,0.0008540900712115066,0.0017678583761184146,70
2,8,True,rings_hamming,0.27016234708146947,0.000913768304906908,0.5850092396170848,0.0009627370020997765,0.0018765053070066845,71
2,8,True,rings_hamming,0.27016234708146947,0.000913768304906908,0.5193591509750981,0.0006964025945287956,0.0016101708994357036,72
2,8,True,rings_hamming,0.27016234708146947,0.000913768304906908,0.07362386962474786,0.001262822666485336,0.002176590971392244,73
2,8,True,rings_hamming,0.27016234708146947,0.000913768304906908,0.2389163636814674,0.0012562603581025037,0.0021700286630094118,74
2,8,True,rings_hamming,0.27016234708146947,0.000913768304906908,0.10970581733660369,0.0009412645329660084,0.0018550328378729164,75
2,8,True,rings_hamming,0.27016234708146947,0.000913768304906908,0.32193857759316324,0.0012961362393071134,0.0022099045442140215,76
2,8,True,rings_hamming,0.27016234708146947,0.000913768304906908,0.38242096817530574,0.001004863129694118,0.001918631434601026,77
2,8,True,rings_hamming,0.27016234708146947,0.000913768304906908,0.2327913010370923,0.00116598093829852,0.002079749243205428,78
2,8,True,rings_hamming,0.27016234708146947,0.000913768304906908,0.18803182160949736,0.0009004964358443376,0.0018142647407512456,79
2,8,True,rings_hamming,0.27016234708146947,0.000913768304906908,0.41345721874472174,0.00098668573090824,0.001900454035815148,80
2,8,True,rings_hamming,0.27016234708146947,0.000913768304906908,0.8949791828153264,0.0012041822406112877,0.0021179505455181957,81
2,8,True,rings_hamming,0.27016234708146947,0.000913768304906908,0.30188217523751154,0.0009544237252812726,0.0018681920301881806,82
2,8,True,rings_hamming,0.27016234708146947,0.000913768304906908,0.5181867524832688,0.0010540892560916165,0.0019678575609985245,83
2,8,True,rings_hamming,0.27016234708146947,0.000913768304906908,0.8992924523541806,0.0006333749493288002,0.0015471432542357082,84
2,8,True,rings_hamming,0.27016234708146947,0.000913768304906908,0.3983967811290462,0.000499416688540334,0.001413184993447242,85
2,8,True,rings_hamming,0.27016234708146947,0.000913768304906908,0.8588681457045823,0.00016075236224615376,0.0010745206671530618,86
2,8,True,rings_hamming,0.27016234708146947,0.000913768304906908,0.3922710850535676,0.0010318031048781,0.0019455714097850081,87
2,8,True,rings_hamming,0.27016234708146947,0.000913768304906908,0.14129131646660456,0.0013103042027294049,0.002224072507636313,88
2,8,True,rings_hamming,0.27016234708146947,0.000913768304906908,0.330558593754886,0.0007466992177585007,0.0016604675226654087,89
2,8,True,rings_hamming,0.27016234708146947,0.000913768304906908,0.23028834832716416,0.0009543926101661839,0.001868160915073092,90
2,8,True,rings_hamming,0.27016234708146947,0.000913768304906908,0.8998482623708027,0.0013365750302394663,0.0022503433351463743,91
2,8,True,rings_hamming,0.27016234708146947,0.000913768304906908,0.339338876668515,0.00096453083586926,0.001878299140776168,92
2,8,True,rings_hamming,0.27016234708146947,0.000913768304906908,0.1556188118773871,0.0011979655673921633,0.0021117338722990713,93
2,8,True,rings_hamming,0.27016234708146947,0.000913768304906908,0.7782527371006794,0.0006892802311786663,0.0016030485360855743,94
2,8,True,rings_hamming,0.27016234708146947,0.000913768304906908,0.19205185756344828,0.0012570890548464467,0.0021708573597533547,95
2,8,True,rings_hamming,0.27016234708146947,0.000913768304906908,0.4904424649859031,0.0013187882118183042,0.0022325565167252122,96
2,8,True,rings_hamming,0.27016234708146947,0.000913768304906908,0.377957567883758,0.0013147929649331013,0.0022285612698400093,97
2,8,True,rings_hamming,0.27016234708146947,0.000913768304906908,0.28164393334985716,0.0006806552234840506,0.0015944235283909586,98
2,8,True,rings_hamming,0.27016234708146947,0.000913768304906908,0.2775609717272892,0.0013270618388735301,0.002240830143780438,99
2,8,True,rings_hamming,0.27016234708146947,0.000913768304906908,0.4242608963348571,0.0010554760855662785,0.0019692443904731865,100
2,8,True,rings_hamming,0.27016234708146947,0.000913768304906908,0.37916556639889254,0.0009516756207239058,0.0018654439256308138,101
2,8,True,rings_hamming,0.27016234708146947,0.000913768304906908,0.38339132869432235,0.0011535858856350383,0.0020673541905419464,102
2,8,True,rings_hamming,0.27016234708146947,0.000913768304906908,0.3305287725365052,0.0008563223612806459,0.001770090666187554,103
2,8,True,rings_hamming,0.27016234708146947,0.000913768304906908,0.17351933969678432,0.001212466231068215,0.002126234535975123,104
2,8,True,rings_hamming,0.27016234708146947,0.000913768304906908,0.29806442407697287,0.0008760345053171706,0.0017898028102240786,105
2,8,True,rings_hamming,0.27016234708146947,0.000913768304906908,0.8971598413099123,0.0007471617414648701,0.001660930046371778,106
2,8,True,rings_hamming,0.27016234708146947,0.000913768304906908,0.3213192272867076,0.0013191634722035358,0.0022329317771104438,107
2,8,True,rings_hamming,0.27016234708146947,0.000913768304906908,0.49318610256437095,0.0007106205707664102,0.0016243888756733182,108
2,8,True,rings_hamming,0.27016234708146947,0.000913768304906908,0.6068975657897896,0.0005507326731175582,0.0014645009780244662,109
2,8,True,rings_hamming,0.27016234708146947,0.000913768304906908,0.2780311850338511,0.0009185319472375885,0.0018323002521444965,110
2,8,True,rings_hamming,0.27016234708146947,0.000913768304906908,1.0344569612116907,0.0012855764438039347,0.0021993447487108427,111
2,8,True,rings_hamming,0.27016234708146947,0.000913768304906908,0.21449334240557277,0.0013127301445090699,0.002226498449415978,112
2,8,True,rings_hamming,0.27016234708146947,0.000913768304906908,0.346578513314517,0.0008034103687330611,0.001717178673639969,113
2,8,True,rings_hamming,0.27016234708146947,0.000913768304906908,0.7112282880642642,0.0009510555244166374,0.0018648238293235454,114
2,8,True,rings_hamming,0.27016234708146947,0.000913768304906908,0.3241734602110075,0.001030092392345265,0.001943860697252173,115
2,8,True,rings_hamming,0.27016234708146947,0.000913768304906908,0.15481624049410128,0.001144458623287358,0.002058226928194266,116
2,8,True,rings_hamming,0.27016234708146947,0.000913768304906908,0.14955341457061458,0.0012928468561981864,0.0022066151611050944,117
2,8,True,rings_hamming,0.27016234708146947,0.000913768304906908,0.5924351912687107,0.000995423675034947,0.001909191979941855,118
2,8,True,rings_hamming,0.27016234708146947,0.000913768304906908,0.31074458066653243,0.0010995683121581066,0.0020133366170650147,119
2,8,True,rings_hamming,0.27016234708146947,0.000913768304906908,0.19993791991597984,0.0013367997932835006,0.0022505680981904086,120
2,8,True,rings_hamming,0.27016234708146947,0.000913768304906908,0.36149323733684313,0.0013150363798036164,0.0022288046847105244,121
2,8,True,rings_hamming,0.27016234708146947,0.000913768304906908,0.1417054816350312,0.0004038797591654098,0.0013176480640723178,122
2,8,True,rings_hamming,0.27016234708146947,0.000913768304906908,0.9623937765136444,0.0012432775482986232,0.002157045853205531,123
2,8,True,rings_hamming,0.27016234708146947,0.000913768304906908,0.3933115054937632,0.001075335701199399,0.001989104006106307,124
2,8,True,rings_hamming,0.27016234708146947,0.000913768304906908,0.2601623287419429,0.001186450286516919,0.002100218591423827,125
2,8,True,rings_hamming,0.27016234708146947,0.000913768304906908,0.3831092240185597,0.0009572105563887764,0.0018709788612956844,126
2,8,True,rings_hamming,0.27016234708146947,0.000913768304906908,0.5357642986155862,0.0012790287095802468,0.0021927970144871548,127
2,8,True,rings_hamming,0.27016234708146947,0.000913768304906908,0.1967782263977319,0.001078837772089869,0.001992606076996777,128
2,8,True,rings_hamming,0.27016234708146947,0.000913768304906908,0.061809151362275265,0.0012867085996732855,0.0022004769045801936,129
2,8,True,rings_hamming,0.27016234708146947,0.000913768304906908,0.45795100737298794,0.0012536151661414721,0.00216738347104838,130
2,8,True,rings_hamming,0.27016234708146947,0.000913768304906908,0.5860054129078706,0.001089919024139809,0.002003687329046717,131
2,8,True,rings_hamming,0.27016234708146947,0.000913768304906908,0.24248994479308988,0.0009221952517009086,0.0018359635566078166,132
2,8,True,rings_hamming,0.27016234708146947,0.000913768304906908,0.03878450902392498,0.0011820736493806461,0.002095841954287554,133
2,8,True,rings_hamming,0.27016234708146947,0.000913768304906908,0.7391483096791612,0.0008992695392585678,0.0018130378441654758,134
2,8,True,rings_hamming,0.27016234708146947,0.000913768304906908,0.6021065891846835,0.0013059853578299228,0.0022197536627368308,135
2,8,True,rings_hamming,0.27016234708146947,0.000913768304906908,0.4490655338336243,0.0005649761520670987,0.0014787444569740067,136
2,8,True,rings_hamming,0.27016234708146947,0.000913768304906908,0.33357546977286634,0.0007099730081731748,0.0016237413130800829,137
2,8,True,rings_hamming,0.27016234708146947,0.000913768304906908,0.08845249665811306,0.0012121851706892285,0.0021259534755961366,138
2,8,True,rings_hamming,0.27016234708146947,0.000913768304906908,0.32654817319764345,0.000701654791847387,0.001615423096754295,139
2,8,True,rings_hamming,0.27016234708146947,0.000913768304906908,0.7087779769363168,0.001205835890313083,0.002119604195219991,140
2,8,True,rings_hamming,0.27016234708146947,0.000913768304906908,0.12029729144794982,0.0011497909249869615,0.0020635592298938695,141
2,8,True,rings_hamming,0.27016234708146947,0.000913768304906908,0.6524276064433094,0.0013410490077386955,0.0022548173126456035,142
2,8,True,rings_hamming,0.27016234708146947,0.000913768304906908,0.574083658183931,0.0013483319527945589,0.002262100257701467,143
2,8,True,rings_hamming,0.27016234708146947,0.000913768304906908,0.29210203063648466,0.000979532012092642,0.00189330031699955,144
2,8,True,rings_hamming,0.27016234708146947,0.000913768304906908,0.11391895845079955,0.0010678097212621345,0.0019815780261690425,145
2,8,True,rings_hamming,0.27016234708146947,0.000913768304906908,0.27948121146352795,0.0013357579327259862,0.0022495262376328942,146
2,8,True,rings_hamming,0.27016234708146947,0.000913768304906908,0.22068981404318858,0.0012774444240289786,0.0021912127289358866,147
2,8,True,rings_hamming,0.27016234708146947,0.000913768304906908,0.2862356654409807,0.001247875147660702,0.00216164345256761,148
2,8,True,rings_hamming,0.27016234708146947,0.000913768304906908,0.5129236299101858,0.0009233098775136013,0.0018370781824205093,149
2,8,True,rings_hamming,0.27016234708146947,0.000913768304906908,0.22476865489659806,0.0009626193430473577,0.0018763876479542657,150
2,8,True,rings_hamming,0.27016234708146947,0.000913768304906908,0.9250566308400221,0.0013488977825917227,0.0022626660874986307,151
2,8,True,rings_hamming,0.27016234708146947,0.000913768304906908,0.5997222024242718,0.0009995691967852871,0.0019133375016921951,152
2,8,True,rings_hamming,0.27016234708146947,0.000913768304906908,0.34269903226798626,0.0010851183234076604,0.0019988866283145684,153
2,8,True,rings_hamming,0.27016234708146947,0.000913768304906908,0.15997084267449577,0.0012934645830227037,0.0022072328879296117,154
2,8,True,rings_hamming,0.27016234708146947,0.000913768304906908,0.3388983030417334,0.0013041089788720416,0.0022178772837789496,155
2,8,True,rings_hamming,0.27016234708146947,0.000913768304906908,0.2971796575783069,0.0007470525178837671,0.0016608208227906751,156
2,8,True,rings_hamming,0.27016234708146947,0.000913768304906908,0.6060232307912559,0.0008679004672745108,0.0017816687721814188,157
2,8,True,rings_hamming,0.27016234708146947,0.000913768304906908,0.4403056066116211,0.0009521845410200124,0.0018659528459269205,158
2,8,True,rings_hamming,0.27016234708146947,0.000913768304906908,0.33524148726513087,0.0012729951704329597,0.0021867634753398677,159
2,8,True,rings_hamming,0.27016234708146947,0.000913768304906908,0.36487060956704,0.0010749126952824266,0.0019886810001893346,160
2,8,True,rings_hamming,0.27016234708146947,0.000913768304906908,0.5711255065814502,0.0012060715406442442,0.002119839845551152,161
2,8,True,rings_hamming,0.27016234708146947,0.000913768304906908,0.2808275707715917,0.001271071222236362,0.00218483952714327,162
2,8,True,rings_hamming,0.27016234708146947,0.000913768304906908,0.3111693218477011,0.0010828335680551594,0.0019966018729620674,163
2,8,True,rings_hamming,0.27016234708146947,0.000913768304906908,0.14157493325988071,0.0009893753141502627,0.0019031436190571707,164
2,8,True,rings_hamming,0.27016234708146947,0.000913768304906908,0.3654336537386401,0.0013498227011236744,0.0022635910060305824,165
2,8,True,rings_hamming,0.27016234708146947,0.000913768304906908,0.6060199139767879,0.001319303657023757,0.002233071961930665,166
2,8,True,rings_hamming,0.27016234708146947,0.000913768304906908,0.36598746576735264,0.000961072175232651,0.001874840480139559,167
2,8,True,rings_hamming,0.27016234708146947,0.000913768304906908,0.9558506160063811,0.0006667585012353303,0.0015805268061422383,168
2,8,True,rings_hamming,0.27016234708146947,0.000913768304906908,0.725422810480455,0.0013270119454206158,0.002240780250327524,169
2,8,True,rings_hamming,0.27016234708146947,0.000913768304906908,0.19546375203588678,0.0007828098151770103,0.0016965781200839183,170
2,8,True,rings_hamming,0.27016234708146947,0.000913768304906908,0.3888878354248452,0.0011047876761311102,0.002018555981038018,171
2,8,True,rings_hamming,0.27016234708146947,0.000913768304906908,0.2722125044021298,0.0010235288314209073,0.0019372971363278153,172
2,8,True,rings_hamming,0.27016234708146947,0.000913768304906908,0.23595469594108984,0.0012348450466720322,0.00214861335157894,173
2,8,True,rings_hamming,0.27016234708146947,0.000913768304906908,0.4063350066624085,0.0010418535848203932,0.0019556218897273012,174
2,8,True,rings_hamming,0.27016234708146947,0.000913768304906908,0.03955494201340055,0.0007924506907308769,0.001706218995637785,175
2,8,True,rings_hamming,0.27016234708146947,0.000913768304906908,0.40800908268738784,0.0011992609750431276,0.0021130292799500356,176
2,8,True,rings_hamming,0.27016234708146947,0.000913768304906908,0.23030551541868172,0.0008979854414651654,0.0018117537463720735,177
2,8,True,rings_hamming,0.27016234708146947,0.000913768304906908,0.9065860337564287,0.001282518358171129,0.002196286663078037,178
2,8,True,rings_hamming,0.27016234708146947,0.000913768304906908,0.4080702379129193,0.001018350877824616,0.001932119182731524,179
2,8,True,rings_hamming,0.27016234708146947,0.000913768304906908,0.14625188712573198,0.0010093147424322364,0.0019230830473391445,180
2,8,True,rings_hamming,0.27016234708146947,0.000913768304906908,0.9662986310338015,0.0010209950231353047,0.0019347633280422127,181
2,8,True,rings_hamming,0.27016234708146947,0.000913768304906908,0.21992719362338092,0.0008805280684954287,0.0017942963734023367,182
2,8,True,rings_hamming,0.27016234708146947,0.000913768304906908,0.138933914297452,0.0010750406904213305,0.0019888089953282386,183
2,8,True,rings_hamming,0.27016234708146947,0.000913768304906908,0.2585111546267738,0.0009970517791877092,0.0019108200840946173,184
2,8,True,rings_hamming,0.27016234708146947,0.000913768304906908,0.24461672220461947,0.0009404413855159267,0.0018542096904228347,185
2,8,True,rings_hamming,0.27016234708146947,0.000913768304906908,0.5363128071980622,0.0012867455134173379,0.002200513818324246,186
2,8,True,rings_hamming,0.27016234708146947,0.000913768304906908,0.3994573714928937,0.0012821949219781591,0.002195963226885067,187
2,8,True,rings_hamming,0.27016234708146947,0.000913768304906908,0.21505889893034053,0.0011364019367751384,0.0020501702416820464,188
2,8,True,rings_hamming,0.27016234708146947,0.000913768304906908,0.22654623393762474,0.0010106762952505543,0.0019244446001574623,189
2,8,True,rings_hamming,0.27016234708146947,0.000913768304906908,0.42155414085906223,0.0010470400223069219,0.00196080832721383,190
2,8,True,rings_hamming,0.27016234708146947,0.000913768304906908,0.39847627374056716,0.0013411841162799887,0.0022549524211868967,191
2,8,True,rings_hamming,0.27016234708146947,0.000913768304906908,0.45741937570997365,0.0010213865715911297,0.0019351548764980377,192
2,8,True,rings_hamming,0.27016234708146947,0.000913768304906908,0.4881083866422662,0.0011937428287645529,0.002107511133671461,193
2,8,True,rings_hamming,0.27016234708146947,0.000913768304906908,0.23727358759339617,0.0013523059143480762,0.0022660742192549843,194
2,8,True,rings_hamming,0.27016234708146947,0.000913768304906908,0.19137644080601218,0.0011452040377200427,0.0020589723426269507,195
2,8,True,rings_hamming,0.27016234708146947,0.000913768304906908,0.2325819082072698,0.0009575499066197207,0.0018713182115266287,196
2,8,True,rings_hamming,0.27016234708146947,0.000913768304906908,0.8197442005351303,0.0011685310151766945,0.0020822993200836025,197
2,8,True,rings_hamming,0.27016234708146947,0.000913768304906908,0.15208265461299517,0.0010490451832001705,0.0019628134881070785,198
2,8,True,rings_hamming,0.27016234708146947,0.000913768304906908,0.09004588148008795,0.000953282102072498,0.001867050406979406,199
8,8,True,rings_hamming,2.7335865536546273,6.329118724216438e-36,2.7335865536546273,0.0,6.329118724216438e-36,0
8,8,True,rings_hamming,2.7335865536546273,6.329118724216438e-36,2.7335865536546273,0.0,6.329118724216438e-36,1
8,8,True,rings_hamming,2.7335865536546273,6.329118724216438e-36,2.7335865536546273,0.0,6.329118724216438e-36,2
8,8,True,rings_hamming,2.7335865536546273,6.329118724216438e-36,2.7335865536546273,0.0,6.329118724216438e-36,3
8,8,True,rings_hamming,2.7335865536546273,6.329118724216438e-36,2.7335865536546273,0.0,6.329118724216438e-36,4
8,8,True,rings_hamming,2.7335865536546273,6.329118724216438e-36,2.7335865536546273,0.0,6.329118724216438e-36,5
8,8,True,rings_hamming,2.7335865536546273,6.329118724216438e-36,2.7335865536546273,0.0,6.329118724216438e-36,6
8,8,True,rings_hamming,2.7335865536546273,6.329118724216438e-36,2.7335865536546273,0.0,6.329118724216438e-36,7
8,8,True,rings_hamming,2.7335865536546273,6.329118724216438e-36,2.7335865536546273,0.0,6.329118724216438e-36,8
8,8,True,rings_hamming,2.7335865536546273,6.329118724216438e-36,2.7335865536546273,0.0,6.329118724216438e-36,9
8,8,True,rings_hamming,2.7335865536546273,6.329118724216438e-36,2.7335865536546273,0.0,6.329118724216438e-36,10
8,8,True,rings_hamming,2.7335865536546273,6.329118724216438e-36,2.7335865536546273,0.0,6.329118724216438e-36,11
8,8,True,rings_hamming,2.7335865536546273,6.329118724216438e-36,2.7335865536546273,0.0,6.329118724216438e-36,12
8,8,True,rings_hamming,2.7335865536546273,6.329118724216438e-36,2.7335865536546273,0.0,6.329118724216438e-36,13
8,8,True,rings_hamming,2.7335865536546273,6.329118724216438e-36,2.7335865536546273,0.0,6.329118724216438e-36,14
8,8,True,rings_hamming,2.7335865536546273,6.329118724216438e-36,2.7335865536546273,0.0,6.329118724216438e-36,15
8,8,True,rings_hamming,2.7335865536546273,6.329118724216438e-36,2.7335865536546273,0.0,6.329118724216438e-36,16
8,8,True,rings_hamming,2.7335865536546273,6.329118724216438e-36,2.7335865536546273,0.0,6.329118724216438e-36,17
8,8,True,rings_hamming,2.7335865536546273,6.329118724216438e-36,2.7335865536546273,0.0,6.329118724216438e-36,18
8,8,True,rings_hamming,2.7335865536546273,6.329118724216438e-36,2.7335865536546273,0.0,6.329118724216438e-36,19
8,8,True,rings_hamming,2.7335865536546273,6.329118724216438e-36,2.7335865536546273,0.0,6.329118724216438e-36,20
8,8,True,rings_hamming,2.7335865536546273,6.329118724216438e-36,2.7335865536546273,0.0,6.329118724216438e-36,21
8,8,True,rings_hamming,2.7335865536546273,6.329118724216438e-36,2.7335865536546273,0.0,6.329118724216438e-36,22
8,8,True,rings_hamming,2.7335865536546273,6.329118724216438e-36,2.7335865536546273,0.0,6.329118724216438e-36,23
8,8,True,rings_hamming,2.7335865536546273,6.329118724216438e-36,2.7335865536546273,0.0,6.329118724216438e-36,24
8,8,True,rings_hamming,2.7335865536546273,6.329118724216438e-36,2.7335865536546273,0.0,6.329118724216438e-36,25
8,8,True,rings_hamming,2.7335865536546273,6.329118724216438e-36,2.7335865536546273,0.0,6.329118724216438e-36,26
8,8,True,rings_hamming,2.7335865536546273,6.329118724216438e-36,2.7335865536546273,0.0,6.329118724216438e-36,27
8,8,True,rings_hamming,2.7335865536546273,6.329118724216438e-36,2.7335865536546273,0.0,6.329118724216438e-36,28
8,8,True,rings_hamming,2.7335865536546273,6.329118724216438e-36,2.7335865536546273,0.0,6.329118724216438e-36,29
8,8,True,rings_hamming,2.7335865536546273,6.329118724216438e-36,2.7335865536546273,0.0,6.329118724216438e-36,30
8,8,True,rings_hamming,2.7335865536546273,6.329118724216438e-36,2.7335865536546273,0.0,6.329118724216438e-36,31
8,8,True,rings_hamming,2.7335865536546273,6.329118724216438e-36,2.7335865536546273,0.0,6.329118724216438e-36,32
8,8,True,rings_hamming,2.7335865536546273,6.329118724216438e-36,2.7335865536546273,0.0,6.329118724216438e-36,33
8,8,True,rings_hamming,2.7335865536546273,6.329118724216438e-36,2.7335865536546273,0.0,6.329118724216438e-36,34
8,8,True,rings_hamming,2.7335865536546273,6.329118724216438e-36,2.7335865536546273,0.0,6.329118724216438e-36,35
8,8,True,rings_hamming,2.7335865536546273,6.329118724216438e-36,2.7335865536546273,0.0,6.329118724216438e-36,36
8,8,True,rings_hamming,2.7335865536546273,6.329118724216438e-36,2.7335865536546273,0.0,6.329118724216438e-36,37
8,8,True,rings_hamming,2.7335865536546273,6.329118724216438e-36,2.7335865536546273,0.0,6.329118724216438e-36,38
8,8,True,rings_hamming,2.7335865536546273,6.329118724216438e-36,2.7335865536546273,0.0,6.329118724216438e-36,39
8,8,True,rings_hamming,2.7335865536546273,6.329118724216438e-36,2.7335865536546273,0.0,6.329118724216438e-36,40
8,8,True,rings_hamming,2.7335865536546273,6.329118724216438e-36,2.7335865536546273,0.0,6.329118724216438e-36,41
8,8,True,rings_hamming,2.7335865536546273,6.329118724216438e-36,2.7335865536546273,0.0,6.329118724216438e-36,42
8,8,True,rings_hamming,2.7335865536546273,6.329118724216438e-36,2.7335865536546273,0.0,6.329118724216438e-36,43
8,8,True,rings_hamming,2.7335865536546273,6.329118724216438e-36,2.7335865536546273,0.0,6.329118724216438e-36,44
8,8,True,rings_hamming,2.7335865536546273,6.329118724216438e-36,2.7335865536546273,0.0,6.329118724216438e-36,45
8,8,True,rings_hamming,2.7335865536546273,6.329118724216438e-36,2.7335865536546273,0.0,6.329118724216438e-36,46
8,8,True,rings_hamming,2.7335865536546273,6.329118724216438e-36,2.7335865536546273,0.0,6.329118724216438e-36,47
8,8,True,rings_hamming,2.7335865536546273,6.329118724216438e-36,2.7335865536546273,0.0,6.329118724216438e-36,48
8,8,True,rings_hamming,2.7335865536546273,6.329118724216438e-36,2.7335865536546273,0.0,6.329118724216438e-36,49
8,8,True,rings_hamming,2.7335865536546273,6.329118724216438e-36,2.7335865536546273,0.0,6.329118724216438e-36,50
8,8,True,rings_hamming,2.7335865536546273,6.329118724216438e-36,2.7335865536546273,0.0,6.329118724216438e-36,51
8,8,True,rings_hamming,2.7335865536546273,6.329118724216438e-36,2.7335865536546273,0.0,6.329118724216438e-36,52
8,8,True,rings_hamming,2.7335865536546273,6.329118724216438e-36,2.7335865536546273,0.0,6.329118724216438e-36,53
8,8,True,rings_hamming,2.7335865536546273,6.329118724216438e-36,2.7335865536546273,0.0,6.329118724216438e-36,54
8,8,True,rings_hamming,2.7335865536546273,6.329118724216438e-36,2.7335865536546273,0.0,6.329118724216438e-36,55
8,8,True,rings_hamming,2.7335865536546273,6.329118724216438e-36,2.7335865536546273,0.0,6.329118724216438e-36,56
8,8,True,rings_hamming,2.7335865536546273,6.329118724216438e-36,2.7335865536546273,0.0,6.329118724216438e-36,57
8,8,True,rings_hamming,2.7335865536546273,6.329118724216438e-36,2.7335865536546273,0.0,6.329118724216438e-36,58
8,8,True,rings_hamming,2.7335865536546273,6.329118724216438e-36,2.7335865536546273,0.0,6.329118724216438e-36,59
8,8,True,rings_hamming,2.7335865536546273,6.329118724216438e-36,2.7335865536546273,0.0,6.329118724216438e-36,60
8,8,True,rings_hamming,2.7335865536546273,6.329118724216438e-36,2.7335865536546273,0.0,6.329118724216438e-36,61
8,8,True,rings_hamming,2.7335865536546273,6.329118724216438e-36,2.7335865536546273,0.0,6.329118724216438e-36,62
8,8,True,rings_hamming,2.7335865536546273,6.329118724216438e-36,2.7335865536546273,0.0,6.329118724216438e-36,63
8,8,True,rings_hamming,2.7335865536546273,6.329118724216438e-36,2.7335865536546273,0.0,6.329118724216438e-36,64
8,8,True,rings_hamming,2.7335865536546273,6.329118724216438e-36,2.7335865536546273,0.0,6.329118724216438e-36,65
8,8,True,rings_hamming,2.7335865536546273,6.329118724216438e-36,2.7335865536546273,0.0,6.329118724216438e-36,66
8,8,True,rings_hamming,2.7335865536546273,6.329118724216438e-36,2.7335865536546273,0.0,6.329118724216438e-36,67
8,8,True,rings_hamming,2.7335865536546273,6.329118724216438e-36,2.7335865536546273,0.0,6.329118724216438e-36,68
8,8,True,rings_hamming,2.7335865536546273,6.329118724216438e-36,2.7335865536546273,0.0,6.329118724216438e-36,69
8,8,True,rings_hamming,2.7335865536546273,6.329118724216438e-36,2.7335865536546273,0.0,6.329118724216438e-36,70
8,8,True,rings_hamming,2.7335865536546273,6.329118724216438e-36,2.7335865536546273,0.0,6.329118724216438e-36,71
8,8,True,rings_hamming,2.7335865536546273,6.329118724216438e-36,2.7335865536546273,0.0,6.329118724216438e-36,72
8,8,True,rings_hamming,2.7335865536546273,6.329118724216438e-36,2.7335865536546273,0.0,6.329118724216438e-36,73
8,8,True,rings_hamming,2.7335865536546273,6.329118724216438e-36,2.7335865536546273,0.0,6.329118724216438e-36,74
8,8,True,rings_hamming,2.7335865536546273,6.329118724216438e-36,2.7335865536546273,0.0,6.329118724216438e-36,75
8,8,True,rings_hamming,2.7335865536546273,6.329118724216438e-36,2.7335865536546273,0.0,6.329118724216438e-36,76
8,8,True,rings_hamming,2.7335865536546273,6.329118724216438e-36,2.7335865536546273,0.0,6.329118724216438e-36,77
8,8,True,rings_hamming,2.7335865536546273,6.329118724216438e-36,2.7335865536546273,0.0,6.329118724216438e-36,78
8,8,True,rings_hamming,2.7335865536546273,6.329118724216438e-36,2.7335865536546273,0.0,6.329118724216438e-36,79
8,8,True,rings_hamming,2.7335865536546273,6.329118724216438e-36,2.7335865536546273,0.0,6.329118724216438e-36,80
8,8,True,rings_hamming,2.7335865536546273,6.329118724216438e-36,2.7335865536546273,0.0,6.329118724216438e-36,81
8,8,True,rings_hamming,2.7335865536546273,6.329118724216438e-36,2.7335865536546273,0.0,6.329118724216438e-36,82
8,8,True,rings_hamming,2.7335865536546273,6.329118724216438e-36,2.7335865536546273,0.0,6.329118724216438e-36,83
8,8,True,rings_hamming,2.7335865536546273,6.329118724216438e-36,2.7335865536546273,0.0,6.329118724216438e-36,84
8,8,True,rings_hamming,2.7335865536546273,6.329118724216438e-36,2.7335865536546273,0.0,6.329118724216438e-36,85
8,8,True,rings_hamming,2.7335865536546273,6.329118724216438e-36,2.7335865536546273,0.0,6.329118724216438e-36,86
8,8,True,rings_hamming,2.7335865536546273,6.329118724216438e-36,2.7335865536546273,0.0,6.329118724216438e-36,87
8,8,True,rings_hamming,2.7335865536546273,6.329118724216438e-36,2.7335865536546273,0.0,6.329118724216438e-36,88
8,8,True,rings_hamming,2.7335865536546273,6.329118724216438e-36,2.7335865536546273,0.0,6.329118724216438e-36,89
8,8,True,rings_hamming,2.7335865536546273,6.329118724216438e-36,2.7335865536546273,0.0,6.329118724216438e-36,90
8,8,True,rings_hamming,2.7335865536546273,6.329118724216438e-36,2.7335865536546273,0.0,6.329118724216438e-36,91
8,8,True,rings_hamming,2.7335865536546273,6.329118724216438e-36,2.7335865536546273,0.0,6.329118724216438e-36,92
8,8,True,rings_hamming,2.7335865536546273,6.329118724216438e-36,2.7335865536546273,0.0,6.329118724216438e-36,93
8,8,True,rings_hamming,2.7335865536546273,6.329118724216438e-36,2.7335865536546273,0.0,6.329118724216438e-36,94
8,8,True,rings_hamming,2.7335865536546273,6.329118724216438e-36,2.7335865536546273,0.0,6.329118724216438e-36,95
8,8,True,rings_hamming,2.7335865536546273,6.329118724216438e-36,2.7335865536546273,0.0,6.329118724216438e-36,96
8,8,True,rings_hamming,2.7335865536546273,6.329118724216438e-36,2.7335865536546273,0.0,6.329118724216438e-36,97
8,8,True,rings_hamming,2.7335865536546273,6.329118724216438e-36,2.7335865536546273,0.0,6.329118724216438e-36,98
8,8,True,rings_hamming,2.7335865536546273,6.329118724216438e-36,2.7335865536546273,0.0,6.329118724216438e-36,99
8,8,True,rings_hamming,2.7335865536546273,6.329118724216438e-36,2.7335865536546273,0.0,6.329118724216438e-36,100
8,8,True,rings_hamming,2.7335865536546273,6.329118724216438e-36,2.7335865536546273,0.0,6.329118724216438e-36,101
8,8,True,rings_hamming,2.7335865536546273,6.329118724216438e-36,2.7335865536546273,0.0,6.329118724216438e-36,102
8,8,True,rings_hamming,2.7335865536546273,6.329118724216438e-36,2.7335865536546273,0.0,6.329118724216438e-36,103
8,8,True,rings_hamming,2.7335865536546273,6.329118724216438e-36,2.7335865536546273,0.0,6.329118724216438e-36,104
8,8,True,rings_hamming,2.7335865536546273,6.329118724216438e-36,2.7335865536546273,0.0,6.329118724216438e-36,105
8,8,True,rings_hamming,2.7335865536546273,6.329118724216438e-36,2.7335865536546273,0.0,6.329118724216438e-36,106
8,8,True,rings_hamming,2.7335865536546273,6.329118724216438e-36,2.7335865536546273,0.0,6.329118724216438e-36,107
8,8,True,rings_hamming,2.7335865536546273,6.329118724216438e-36,2.7335865536546273,0.0,6.329118724216438e-36,108
8,8,True,rings_hamming,2.7335865536546273,6.329118724216438e-36,2.7335865536546273,0.0,6.329118724216438e-36,109
8,8,True,rings_hamming,2.7335865536546273,6.329118724216438e-36,2.7335865536546273,0.0,6.329118724216438e-36,110
8,8,True,rings_hamming,2.7335865536546273,6.329118724216438e-36,2.7335865536546273,0.0,6.329118724216438e-36,111
8,8,True,rings_hamming,2.7335865536546273,6.329118724216438e-36,2.7335865536546273,0.0,6.329118724216438e-36,112
8,8,True,rings_hamming,2.7335865536546273,6.329118724216438e-36,2.7335865536546273,0.0,6.329118724216438e-36,113
8,8,True,rings_hamming,2.7335865536546273,6.329118724216438e-36,2.7335865536546273,0.0,6.329118724216438e-36,114
8,8,True,rings_hamming,2.7335865536546273,6.329118724216438e-36,2.7335865536546273,0.0,6.329118724216438e-36,115
8,8,True,rings_hamming,2.7335865536546273,6.329118724216438e-36,2.7335865536546273,0.0,6.329118724216438e-36,116
8,8,True,rings_hamming,2.7335865536546273,6.329118724216438e-36,2.7335865536546273,0.0,6.329118724216438e-36,117
8,8,True,rings_hamming,2.7335865536546273,6.329118724216438e-36,2.7335865536546273,0.0,6.329118724216438e-36,118
8,8,True,rings_hamming,2.7335865536546273,6.329118724216438e-36,2.7335865536546273,0.0,6.329118724216438e-36,119
8,8,True,rings_hamming,2.7335865536546273,6.329118724216438e-36,2.7335865536546273,0.0,6.329118724216438e-36,120
8,8,True,rings_hamming,2.7335865536546273,6.329118724216438e-36,2.7335865536546273,0.0,6.329118724216438e-36,121
8,8,True,rings_hamming,2.7335865536546273,6.329118724216438e-36,2.7335865536546273,0.0,6.329118724216438e-36,122
8,8,True,rings_hamming,2.7335865536546273,6.329118724216438e-36,2.7335865536546273,0.0,6.329118724216438e-36,123
8,8,True,rings_hamming,2.7335865536546273,6.329118724216438e-36,2.7335865536546273,0.0,6.329118724216438e-36,124
8,8,True,rings_hamming,2.7335865536546273,6.329118724216438e-36,2.7335865536546273,0.0,6.329118724216438e-36,125
8,8,True,rings_hamming,2.7335865536546273,6.329118724216438e-36,2.7335865536546273,0.0,6.329118724216438e-36,126
8,8,True,rings_hamming,2.7335865536546273,6.329118724216438e-36,2.7335865536546273,0.0,6.329118724216438e-36,127
8,8,True,rings_hamming,2.7335865536546273,6.329118724216438e-36,2.7335865536546273,0.0,6.329118724216438e-36,128
8,8,True,rings_hamming,2.7335865536546273,6.329118724216438e-36,2.7335865536546273,0.0,6.329118724216438e-36,129
8,8,True,rings_hamming,2.7335865536546273,6.329118724216438e-36,2.7335865536546273,0.0,6.329118724216438e-36,130
8,8,True,rings_hamming,2.7335865536546273,6.329118724216438e-36,2.7335865536546273,0.0,6.329118724216438e-36,131
8,8,True,rings_hamming,2.7335865536546273,6.329118724216438e-36,2.7335865536546273,0.0,6.329118724216438e-36,132
8,8,True,rings_hamming,2.7335865536546273,6.329118724216438e-36,2.7335865536546273,0.0,6.329118724216438e-36,133
8,8,True,rings_hamming,2.7335865536546273,6.329118724216438e-36,2.7335865536546273,0.0,6.329118724216438e-36,134
8,8,True,rings_hamming,2.7335865536546273,6.329118724216438e-36,2.7335865536546273,0.0,6.329118724216438e-36,135
8,8,True,rings_hamming,2.7335865536546273,6.329118724216438e-36,2.7335865536546273,0.0,6.329118724216438e-36,136
8,8,True,rings_hamming,2.7335865536546273,6.329118724216438e-36,2.7335865536546273,0.0,6.329118724216438e-36,137
8,8,True,rings_hamming,2.7335865536546273,6.329118724216438e-36,2.7335865536546273,0.0,6.329118724216438e-36,138
8,8,True,rings_hamming,2.7335865536546273,6.329118724216438e-36,2.7335865536546273,0.0,6.329118724216438e-36,139
8,8,True,rings_hamming,2.7335865536546273,6.329118724216438e-36,2.7335865536546273,0.0,6.329118724216438e-36,140
8,8,True,rings_hamming,2.7335865536546273,6.329118724216438e-36,2.7335865536546273,0.0,6.329118724216438e-36,141
8,8,True,rings_hamming,2.7335865536546273,6.329118724216438e-36,2.7335865536546273,0.0,6.329118724216438e-36,142
8,8,True,rings_hamming,2.7335865536546273,6.329118724216438e-36,2.7335865536546273,0.0,6.329118724216438e-36,143
8,8,True,rings_hamming,2.7335865536546273,6.329118724216438e-36,2.7335865536546273,0.0,6.329118724216438e-36,144
8,8,True,rings_hamming,2.7335865536546273,6.329118724216438e-36,2.7335865536546273,0.0,6.329118724216438e-36,145
8,8,True,rings_hamming,2.7335865536546273,6.329118724216438e-36,2.7335865536546273,0.0,6.329118724216438e-36,146
8,8,True,rings_hamming,2.7335865536546273,6.329118724216438e-36,2.7335865536546273,0.0,6.329118724216438e-36,147
8,8,True,rings_hamming,2.7335865536546273,6.329118724216438e-36,2.7335865536546273,0.0,6.329118724216438e-36,148
8,8,True,rings_hamming,2.7335865536546273,6.329118724216438e-36,2.7335865536546273,0.0,6.329118724216438e-36,149
8,8,True,rings_hamming,2.7335865536546273,6.329118724216438e-36,2.7335865536546273,0.0,6.329118724216438e-36,150
8,8,True,rings_hamming,2.7335865536546273,6.329118724216438e-36,2.7335865536546273,0.0,6.329118724216438e-36,151
8,8,True,rings_hamming,2.7335865536546273,6.329118724216438e-36,2.7335865536546273,0.0,6.329118724216438e-36,152
8,8,True,rings_hamming,2.7335865536546273,6.329118724216438e-36,2.7335865536546273,0.0,6.329118724216438e-36,153
8,8,True,rings_hamming,2.7335865536546273,6.329118724216438e-36,2.7335865536546273,0.0,6.329118724216438e-36,154
8,8,True,rings_hamming,2.7335865536546273,6.329118724216438e-36,2.7335865536546273,0.0,6.329118724216438e-36,155
8,8,True,rings_hamming,2.7335865536546273,6.329118724216438e-36,2.7335865536546273,0.0,6.329118724216438e-36,156
8,8,True,rings_hamming,2.7335865536546273,6.329118724216438e-36,2.7335865536546273,0.0,6.329118724216438e-36,157
8,8,True,rings_hamming,2.7335865536546273,6.329118724216438e-36,2.7335865536546273,0.0,6.329118724216438e-36,158
8,8,True,rings_hamming,2.7335865536546273,6.329118724216438e-36,2.7335865536546273,0.0,6.329118724216438e-36,159
8,8,True,rings_hamming,2.7335865536546273,6.329118724216438e-36,2.7335865536546273,0.0,6.329118724216438e-36,160
8,8,True,rings_hamming,2.7335865536546273,6.329118724216438e-36,2.7335865536546273,0.0,6.329118724216438e-36,161
8,8,True,rings_hamming,2.7335865536546273,6.329118724216438e-36,2.7335865536546273,0.0,6.329118724216438e-36,162
8,8,True,rings_hamming,2.7335865536546273,6.329118724216438e-36,2.7335865536546273,0.0,6.329118724216438e-36,163
8,8,True,rings_hamming,2.7335865536546273,6.329118724216438e-36,2.7335865536546273,0.0,6.329118724216438e-36,164
8,8,True,rings_hamming,2.7335865536546273,6.329118724216438e-36,2.7335865536546273,0.0,6.329118724216438e-36,165
8,8,True,rings_hamming,2.7335865536546273,6.329118724216438e-36,2.7335865536546273,0.0,6.329118724216438e-36,166
8,8,True,rings_hamming,2.7335865536546273,6.329118724216438e-36,2.7335865536546273,0.0,6.329118724216438e-36,167
8,8,True,rings_hamming,2.7335865536546273,6.329118724216438e-36,2.7335865536546273,0.0,6.329118724216438e-36,168
8,8,True,rings_hamming,2.7335865536546273,6.329118724216438e-36,2.7335865536546273,0.0,6.329118724216438e-36,169
8,8,True,rings_hamming,2.7335865536546273,6.329118724216438e-36,2.7335865536546273,0.0,6.329118724216438e-36,170
8,8,True,rings_hamming,2.7335865536546273,6.329118724216438e-36,2.7335865536546273,0.0,6.329118724216438e-36,171
8,8,True,rings_hamming,2.7335865536546273,6.329118724216438e-36,2.7335865536546273,0.0,6.329118724216438e-36,172
8,8,True,rings_hamming,2.7335865536546273,6.329118724216438e-36,2.7335865536546273,0.0,6.329118724216438e-36,173
8,8,True,rings_hamming,2.7335865536546273,6.329118724216438e-36,2.7335865536546273,0.0,6.329118724216438e-36,174
8,8,True,rings_hamming,2.7335865536546273,6.329118724216438e-36,2.7335865536546273,0.0,6.329118724216438e-36,175
8,8,True,rings_hamming,2.7335865536546273,6.329118724216438e-36,2.7335865536546273,0.0,6.329118724216438e-36,176
8,8,True,rings_hamming,2.7335865536546273,6.329118724216438e-36,2.7335865536546273,0.0,6.329118724216438e-36,177
8,8,True,rings_hamming,2.7335865536546273,6.329118724216438e-36,2.7335865536546273,0.0,6.329118724216438e-36,178
8,8,True,rings_hamming,2.7335865536546273,6.329118724216438e-36,2.7335865536546273,0.0,6.329118724216438e-36,179
8,8,True,rings_hamming,2.7335865536546273,6.329118724216438e-36,2.7335865536546273,0.0,6.329118724216438e-36,180
8,8,True,rings_hamming,2.7335865536546273,6.329118724216438e-36,2.7335865536546273,0.0,6.329118724216438e-36,181
8,8,True,rings_hamming,2.7335865536546273,6.329118724216438e-36,2.7335865536546273,0.0,6.329118724216438e-36,182
8,8,True,rings_hamming,2.7335865536546273,6.329118724216438e-36,2.7335865536546273,0.0,6.329118724216438e-36,183
8,8,True,rings_hamming,2.7335865536546273,6.329118724216438e-36,2.7335865536546273,0.0,6.329118724216438e-36,184
8,8,True,rings_hamming,2.7335865536546273,6.329118724216438e-36,2.7335865536546273,0.0,6.329118724216438e-36,185
8,8,True,rings_hamming,2.7335865536546273,6.329118724216438e-36,2.7335865536546273,0.0,6.329118724216438e-36,186
8,8,True,rings_hamming,2.7335865536546273,6.329118724216438e-36,2.7335865536546273,0.0,6.329118724216438e-36,187
8,8,True,rings_hamming,2.7335865536546273,6.329118724216438e-36,2.7335865536546273,0.0,6.329118724216438e-36,188
8,8,True,rings_hamming,2.7335865536546273,6.329118724216438e-36,2.7335865536546273,0.0,6.329118724216438e-36,189
8,8,True,rings_hamming,2.7335865536546273,6.329118724216438e-36,2.7335865536546273,0.0,6.329118724216438e-36,190
8,8,True,rings_hamming,2.7335865536546273,6.329118724216438e-36,2.7335865536546273,0.0,6.329118724216438e-36,191
8,8,True,rings_hamming,2.7335865536546273,6.329118724216438e-36,2.7335865536546273,0.0,6.329118724216438e-36,192
8,8,True,rings_hamming,2.7335865536546273,6.329118724216438e-36,2.7335865536546273,0.0,6.329118724216438e-36,193
8,8,True,rings_hamming,2.7335865536546273,6.329118724216438e-36,2.7335865536546273,0.0,6.329118724216438e-36,194
8,8,True,rings_hamming,2.7335865536546273,6.329118724216438e-36,2.7335865536546273,0.0,6.329118724216438e-36,195
8,8,True,rings_hamming,2.7335865536546273,6.329118724216438e-36,2.7335865536546273,0.0,6.329118724216438e-36,196
8,8,True,rings_hamming,2.7335865536546273,6.329118724216438e-36,2.7335865536546273,0.0,6.329118724216438e-36,197
8,8,True,rings_hamming,2.7335865536546273,6.329118724216438e-36,2.7335865536546273,0.0,6.329118724216438e-36,198
8,8,True,rings_hamming,2.7335865536546273,6.329118724216438e-36,2.7335865536546273,0.0,6.329118724216438e-36,199
1,6,True,rings_spatial_exact,0.02415894634249528,0.01015175714855034,0.11683897774101065,-0.003145364001808381,0.0070063931467419585,0
1,6,True,rings_spatial_exact,0.02415894634249528,0.01015175714855034,0.026312617281215988,0.0003538086274219778,0.010505565775972317,1
1,6,True,rings_spatial_exact,0.02415894634249528,0.01015175714855034,0.4391062953053749,-0.00022974382801715237,0.009922013320533187,2
1,6,True,rings_spatial_exact,0.02415894634249528,0.01015175714855034,0.24906786407138384,0.0004980428696097754,0.010649800018160115,3
1,6,True,rings_spatial_exact,0.02415894634249528,0.01015175714855034,0.01628162419865536,0.0005246814660363718,0.010676438614586711,4
1,6,True,rings_spatial_exact,0.02415894634249528,0.01015175714855034,0.14599706852230945,-0.0001979182821815577,0.009953838866368782,5
1,6,True,rings_spatial_exact,0.02415894634249528,0.01015175714855034,0.003678125565063286,-0.0031361963425782556,0.007015560805972084,6
1,6,True,rings_spatial_exact,0.02415894634249528,0.01015175714855034,0.030108493391456013,-0.0001489772933093332,0.010002779855241006,7
1,6,True,rings_spatial_exact,0.02415894634249528,0.01015175714855034,0.0028211970058097282,-0.006202640489868699,0.00394911665868164,8
1,6,True,rings_spatial_exact,0.02415894634249528,0.01015175714855034,0.39908987955300057,-0.0012890625474167982,0.008862694601133541,9
1,6,True,rings_spatial_exact,0.02415894634249528,0.01015175714855034,0.13352515651382277,-1.8962296900564002e-06,0.010149860918860283,10
1,6,True,rings_spatial_exact,0.02415894634249528,0.01015175714855034,0.02911289214685302,-0.0013754885748801897,0.00877626857367015,11
1,6,True,rings_spatial_exact,0.02415894634249528,0.01015175714855034,0.22528375087534327,0.0004621873214007994,0.010613944469951139,12
1,6,True,rings_spatial_exact,0.02415894634249528,0.01015175714855034,0.5186481107892172,3.957090622212084e-05,0.01019132805477246,13
1,6,True,rings_spatial_exact,0.02415894634249528,0.01015175714855034,0.5685507611790357,1.4788389210257727e-05,0.010166545537760597,14
1,6,True,rings_spatial_exact,0.02415894634249528,0.01015175714855034,0.10419989052178619,3.010557234007713e-05,0.010181862720890417,15
1,6,True,rings_spatial_exact,0.02415894634249528,0.01015175714855034,0.13275413472275752,3.738729015153805e-05,0.010189144438701878,16
1,6,True,rings_spatial_exact,0.02415894634249528,0.01015175714855034,0.109262251162705,-0.00017313948145284037,0.0099786176670975,17
1,6,True,rings_spatial_exact,0.02415894634249528,0.01015175714855034,0.39955234022690617,0.0005011064504119988,0.010652863598962338,18
1,6,True,rings_spatial_exact,0.02415894634249528,0.01015175714855034,0.0019095806078529866,0.0005228729724939072,0.010674630121044247,19
1,6,True,rings_spatial_exact,0.02415894634249528,0.01015175714855034,0.4003423426243475,-0.0012883879714370248,0.008863369177113315,20
1,6,True,rings_spatial_exact,0.02415894634249528,0.01015175714855034,0.8386185648264554,0.00043246071445137563,0.010584217863001715,21
1,6,True,rings_spatial_exact,0.02415894634249528,0.01015175714855034,0.4624638392657834,0.00047197722882503026,0.01062373437737537,22
1,6,True,rings_spatial_exact,0.02415894634249528,0.01015175714855034,0.010722540430357036,0.0004213160635390522,0.010573073212089392,23
1,6,True,rings_spatial_exact,0.02415894634249528,0.01015175714855034,0.04462008985517154,-0.003232777126950039,0.0069189800216003005,24
1,6,True,rings_spatial_exact,0.02415894634249528,0.01015175714855034,0.4032521675834064,0.00031912398024678927,0.010470881128797129,25
1,6,True,rings_spatial_exact,0.02415894634249528,0.01015175714855034,0.10519624367580468,5.653090480639902e-06,0.01015741023903098,26
1,6,True,rings_spatial_exact,0.02415894634249528,0.01015175714855034,0.0069294048439125155,-0.004571640748750004,0.005580116399800336,27
1,6,True,rings_spatial_exact,0.02415894634249528,0.01015175714855034,0.4311483021516157,-6.0378228648303237e-05,0.010091378919902036,28
1,6,True,rings_spatial_exact,0.02415894634249528,0.01015175714855034,0.015021511808583816,0.0003345401042633613,0.0104862972528137,29
1,6,True,rings_spatial_exact,0.02415894634249528,0.01015175714855034,0.018150898150555338,0.0002605726061283356,0.010412329754678675,30
1,6,True,rings_spatial_exact,0.02415894634249528,0.01015175714855034,0.004729804021632516,0.0004208377767672307,0.01057259492531757,31
1,6,True,rings_spatial_exact,0.02415894634249528,0.01015175714855034,0.4023808485984529,0.0005212944172289097,0.01067305156577925,32
1,6,True,rings_spatial_exact,0.02415894634249528,0.01015175714855034,0.40491473880736456,0.0004988301246401407,0.01065058727319048,33
1,6,True,rings_spatial_exact,0.02415894634249528,0.01015175714855034,0.005599565233625322,-0.001475131419250937,0.008676625729299402,34
1,6,True,rings_spatial_exact,0.02415894634249528,0.01015175714855034,0.10814666666843872,-0.0030482527453772473,0.007103504403173092,35
1,6,True,rings_spatial_exact,0.02415894634249528,0.01015175714855034,0.005519193109885849,0.0004965623702757101,0.01064831951882605,36
1,6,True,rings_spatial_exact,0.02415894634249528,0.01015175714855034,0.003071533258584392,0.0004865858658039488,0.010638343014354288,37
1,6,True,rings_spatial_exact,0.02415894634249528,0.01015175714855034,0.016074812547785148,-0.0026042910391008128,0.007547466109449527,38
1,6,True,rings_spatial_exact,0.02415894634249528,0.01015175714855034,0.027991599681374883,0.0004909969260444291,0.010642754074594769,39
1,6,True,rings_spatial_exact,0.02415894634249528,0.01015175714855034,0.016025790417625828,0.00029984483545494704,0.010451601984005287,40
1,6,True,rings_spatial_exact,0.02415894634249528,0.01015175714855034,0.48822745030978737,-0.0018191743984159528,0.008332582750134387,41
1,6,True,rings_spatial_exact,0.02415894634249528,0.01015175714855034,0.01746979018864142,0.0004310160095448365,0.010582773158095176,42
1,6,True,rings_spatial_exact,0.02415894634249528,0.01015175714855034,0.026994996048761686,0.00013141530978733398,0.010283172458337674,43
1,6,True,rings_spatial_exact,0.02415894634249528,0.01015175714855034,0.110339672752799,-0.001777115136975328,0.008374642011575012,44
1,6,True,rings_spatial_exact,0.02415894634249528,0.01015175714855034,0.028870574784404,-3.371388676371226e-05,0.010118043261786627,45
1,6,True,rings_spatial_exact,0.02415894634249528,0.01015175714855034,0.0032047928247887917,0.0004654989273024032,0.010617256075852743,46
1,6,True,rings_spatial_exact,0.02415894634249528,0.01015175714855034,0.016983915741493206,0.00042043695977067065,0.01057219410832101,47
1,6,True,rings_spatial_exact,0.02415894634249528,0.01015175714855034,0.005321904638701794,-0.001391909076360602,0.008759848072189737,48
1,6,True,rings_spatial_exact,0.02415894634249528,0.01015175714855034,0.4070622923156818,0.0003911144731080958,0.010542871621658435,49
1,6,True,rings_spatial_exact,0.02415894634249528,0.01015175714855034,0.792136485657896,0.0004371325817579437,0.010588889730308283,50
1,6,True,rings_spatial_exact,0.02415894634249528,0.01015175714855034,0.01688597770245375,0.000500985776499218,0.010652742925049558,51
1,6,True,rings_spatial_exact,0.02415894634249528,0.01015175714855034,0.004432544331541984,0.0004325083280600564,0.010584265476610396,52
1,6,True,rings_spatial_exact,0.02415894634249528,0.01015175714855034,0.004554926188118915,-0.003300864571222177,0.006850892577328163,53
1,6,True,rings_spatial_exact,0.02415894634249528,0.01015175714855034,0.01613436728987559,0.0004807633053209772,0.010632520453871317,54
1,6,True,rings_spatial_exact,0.02415894634249528,0.01015175714855034,0.10473030242901787,6.499249157457254e-05,0.010216749640124912,55
1,6,True,rings_spatial_exact,0.02415894634249528,0.01015175714855034,0.01105545079320892,0.00032006088335618556,0.010471818031906525,56
1,6,True,rings_spatial_exact,0.02415894634249528,0.01015175714855034,0.11955948857888346,1.615309075529009e-05,0.01016791023930563,57
1,6,True,rings_spatial_exact,0.02415894634249528,0.01015175714855034,0.017547018259419973,0.00047178976911772287,0.010623546917668062,58
1,6,True,rings_spatial_exact,0.02415894634249528,0.01015175714855034,0.4768368027663182,-0.0013344885395689936,0.008817268608981346,59
1,6,True,rings_spatial_exact,0.02415894634249528,0.01015175714855034,0.012490169954125,-0.002782207788292048,0.0073695493602582915,60
1,6,True,rings_spatial_exact,0.02415894634249528,0.01015175714855034,0.04299006869337283,0.00042564246059519084,0.01057739960914553,61
1,6,True,rings_spatial_exact,0.02415894634249528,0.01015175714855034,0.1211900031254299,-2.567774724263061e-05,0.010126079401307709,62
1,6,True,rings_spatial_exact,0.02415894634249528,0.01015175714855034,0.0027113330840283657,0.000495424338538452,0.010647181487088792,63
1,6,True,rings_spatial_exact,0.02415894634249528,0.01015175714855034,0.39973148551521936,0.00046592000024363485,0.010617677148793974,64
1,6,True,rings_spatial_exact,0.02415894634249528,0.01015175714855034,0.023612576284634885,0.00039444109815522065,0.01054619824670556,65
1,6,True,rings_spatial_exact,0.02415894634249528,0.01015175714855034,0.0025054115271028964,0.00046637686694711057,0.01061813401549745,66
1,6,True,rings_spatial_exact,0.02415894634249528,0.01015175714855034,0.017432210239506866,-0.0013343074479719944,0.008817449700578345,67
1,6,True,rings_spatial_exact,0.02415894634249528,0.01015175714855034,0.4122777015935885,0.0005252255839642457,0.010676982732514585,68
1,6,True,rings_spatial_exact,0.02415894634249528,0.01015175714855034,0.02866095930348273,-8.261174867749306e-05,0.010069145399872846,69
1,6,True,rings_spatial_exact,0.02415894634249528,0.01015175714855034,0.4653777155363645,-0.006223961453343053,0.003927795695207286,70
1,6,True,rings_spatial_exact,0.02415894634249528,0.01015175714855034,0.027212003627923278,0.000524919185417333,0.010676676333967672,71
1,6,True,rings_spatial_exact,0.02415894634249528,0.01015175714855034,0.10722573241969097,-0.0001540601518684355,0.009997696996681904,72
1,6,True,rings_spatial_exact,0.02415894634249528,0.01015175714855034,0.4277714163231508,0.0002430736529387273,0.010394830801489067,73
1,6,True,rings_spatial_exact,0.02415894634249528,0.01015175714855034,0.2411780756169965,0.00048027630964028213,0.010632033458190622,74
1,6,True,rings_spatial_exact,0.02415894634249528,0.01015175714855034,0.00998943623248151,0.00045578156625660816,0.010607538714806948,75
1,6,True,rings_spatial_exact,0.02415894634249528,0.01015175714855034,0.02759216529481934,0.00052019387729689,0.01067195102584723,76
1,6,True,rings_spatial_exact,0.02415894634249528,0.01015175714855034,0.488420808519346,-2.116483084235038e-05,0.01013059231770799,77
1,6,True,rings_spatial_exact,0.02415894634249528,0.01015175714855034,0.22361620186150113,0.0004983806688958689,0.010650137817446208,78
1,6,True,rings_spatial_exact,0.02415894634249528,0.01015175714855034,0.004787071606205378,0.0002864933571866714,0.010438250505737011,79
1,6,True,rings_spatial_exact,0.02415894634249528,0.01015175714855034,0.038302774108952775,6.506643502925472e-05,0.010216823583579594,80
1,6,True,rings_spatial_exact,0.02415894634249528,0.01015175714855034,0.008840389136968697,0.0003848531008293146,0.010536610249379654,81
1,6,True,rings_spatial_exact,0.02415894634249528,0.01015175714855034,0.018041880726102282,0.0005210116125679582,0.010672768761118298,82
1,6,True,rings_spatial_exact,0.02415894634249528,0.01015175714855034,0.022882986312017302,0.00043732770686039785,0.010589084855410737,83
1,6,True,rings_spatial_exact,0.02415894634249528,0.01015175714855034,0.027791401058314742,0.0005047547622116007,0.01065651191076194,84
1,6,True,rings_spatial_exact,0.02415894634249528,0.01015175714855034,0.009258894737890492,0.0004064064289877878,0.010558163577538127,85
1,6,True,rings_spatial_exact,0.02415894634249528,0.01015175714855034,0.22696585902702568,0.00044957611425736586,0.010601333262807705,86
1,6,True,rings_spatial_exact,0.02415894634249528,0.01015175714855034,0.04028443219686775,0.0002764786288928303,0.01042823577744317,87
1,6,True,rings_spatial_exact,0.02415894634249528,0.01015175714855034,0.0009947973242280168,0.00046774882450074766,0.010619505973051087,88
1,6,True,rings_spatial_exact,0.02415894634249528,0.01015175714855034,0.4868895173364731,-0.00015106616155295162,0.010000690986997388,89
1,6,True,rings_spatial_exact,0.02415894634249528,0.01015175714855034,0.007624436057639942,0.00047236078755165563,0.010624117936101995,90
1,6,True,rings_spatial_exact,0.02415894634249528,0.01015175714855034,0.40155414694062613,0.0003305457410993362,0.010482302889649676,91
1,6,True,rings_spatial_exact,0.02415894634249528,0.01015175714855034,0.010444977236882143,0.0003885703257394107,0.01054032747428975,92
1,6,True,rings_spatial_exact,0.02415894634249528,0.01015175714855034,0.0024879221074321604,0.0005251822881462299,0.01067693943669657,93
1,6,True,rings_spatial_exact,0.02415894634249528,0.01015175714855034,0.04857640003987295,-0.003801116194493012,0.006350640954057327,94
1,6,True,rings_spatial_exact,0.02415894634249528,0.01015175714855034,0.0036592019784223587,0.0004664416750019187,0.010618198823552258,95
1,6,True,rings_spatial_exact,0.02415894634249528,0.01015175714855034,0.5134175053678797,-5.770065484675055e-05,0.010094056493703589,96
1,6,True,rings_spatial_exact,0.02415894634249528,0.01015175714855034,0.007713922021924848,-0.001364437803073628,0.008787319345476712,97
1,6,True,rings_spatial_exact,0.02415894634249528,0.01015175714855034,0.8613411582844769,-0.002586140477886297,0.007565616670664042,98
1,6,True,rings_spatial_exact,0.02415894634249528,0.01015175714855034,0.2374246395745199,0.0004465854251531204,0.01059834257370346,99
1,6,True,rings_spatial_exact,0.02415894634249528,0.01015175714855034,0.5769039518800508,-0.0018209336789882877,0.008330823469562052,100
1,6,True,rings_spatial_exact,0.02415894634249528,0.01015175714855034,0.10411659272527266,6.34753881269684e-05,0.010215232536677308,101
1,6,True,rings_spatial_exact,0.02415894634249528,0.01015175714855034,0.403697513511701,0.00047691852218313853,0.010628675670733478,102
1,6,True,rings_spatial_exact,0.02415894634249528,0.01015175714855034,0.6959837352911351,0.0004977815481324137,0.010649538696682753,103
1,6,True,rings_spatial_exact,0.02415894634249528,0.01015175714855034,0.10479808785857946,-0.003587109435654899,0.0065646477128954404,104
1,6,True,rings_spatial_exact,0.02415894634249528,0.01015175714855034,0.006204139267798289,0.000310578017103557,0.010462335165653897,105
1,6,True,rings_spatial_exact,0.02415894634249528,0.01015175714855034,0.009294227824341271,-0.001400150442158585,0.008751606706391754,106
1,6,True,rings_spatial_exact,0.02415894634249528,0.01015175714855034,0.008317060296191526,0.0002517506830238079,0.010403507831574147,107
1,6,True,rings_spatial_exact,0.02415894634249528,0.01015175714855034,0.01066250044888663,-0.0014866958312351776,0.008665061317315162,108
1,6,True,rings_spatial_exact,0.02415894634249528,0.01015175714855034,0.4281803278151957,-0.0025633993105377093,0.00758835783801263,109
1,6,True,rings_spatial_exact,0.02415894634249528,0.01015175714855034,0.46716832925947527,0.0004782498425324067,0.010630006991082746,110
1,6,True,rings_spatial_exact,0.02415894634249528,0.01015175714855034,0.46253891501275146,0.0005217957360433862,0.010673552884593726,111
1,6,True,rings_spatial_exact,0.02415894634249528,0.01015175714855034,1.0010115090613994,0.00027233798288986595,0.010424095131440205,112
1,6,True,rings_spatial_exact,0.02415894634249528,0.01015175714855034,0.04180718403762231,-0.00010228001293915469,0.010049477135611185,113
1,6,True,rings_spatial_exact,0.02415894634249528,0.01015175714855034,0.004019955582380034,0.0004966328385328511,0.01064838998708319,114
1,6,True,rings_spatial_exact,0.02415894634249528,0.01015175714855034,0.002941996717052861,0.00047514796447963546,0.010626905113029975,115
1,6,True,rings_spatial_exact,0.02415894634249528,0.01015175714855034,0.00327296926728852,0.0004586416896863732,0.010610398838236713,116
1,6,True,rings_spatial_exact,0.02415894634249528,0.01015175714855034,0.40576640621179255,-0.0013148943975875328,0.008836862750962807,117
1,6,True,rings_spatial_exact,0.02415894634249528,0.01015175714855034,0.010609665490064684,0.00045277298353846654,0.010604530132088806,118
1,6,True,rings_spatial_exact,0.02415894634249528,0.01015175714855034,0.8626795662217094,0.0004796653749755391,0.010631422523525879,119
1,6,True,rings_spatial_exact,0.02415894634249528,0.01015175714855034,0.013189566544566763,0.0004619676022471382,0.010613724750797478,120
1,6,True,rings_spatial_exact,0.02415894634249528,0.01015175714855034,0.41432537398244207,0.0004872317688856074,0.010638988917435947,121
1,6,True,rings_spatial_exact,0.02415894634249528,0.01015175714855034,0.02769700886229185,-3.689943223302364e-05,0.010114857716317316,122
1,6,True,rings_spatial_exact,0.02415894634249528,0.01015175714855034,0.007590377706384271,0.0002798252318720381,0.010431582380422378,123
1,6,True,rings_spatial_exact,0.02415894634249528,0.01015175714855034,0.9073499827326009,1.754690147341524e-05,0.010169304050023755,124
1,6,True,rings_spatial_exact,0.02415894634249528,0.01015175714855034,0.006043293386935874,-0.0033504221477181836,0.006801335000832156,125
1,6,True,rings_spatial_exact,0.02415894634249528,0.01015175714855034,0.005536145176482109,0.0003030552692886209,0.01045481241783896,126
1,6,True,rings_spatial_exact,0.02415894634249528,0.01015175714855034,0.013739462266398121,0.00040174201660616964,0.01055349916515651,127
1,6,True,rings_spatial_exact,0.02415894634249528,0.01015175714855034,0.46747616973690065,0.0004960389340083107,0.01064779608255865,128
1,6,True,rings_spatial_exact,0.02415894634249528,0.01015175714855034,0.6867094290877732,0.0005006656536235329,0.010652422802173872,129
1,6,True,rings_spatial_exact,0.02415894634249528,0.01015175714855034,0.11106980557034646,-0.0030715340997967376,0.007080223048753602,130
1,6,True,rings_spatial_exact,0.02415894634249528,0.01015175714855034,0.019811991643391164,0.0004356968933129056,0.010587454041863245,131
1,6,True,rings_spatial_exact,0.02415894634249528,0.01015175714855034,0.48267525402101163,1.7696418477252188e-05,0.010169453567027592,132
1,6,True,rings_spatial_exact,0.02415894634249528,0.01015175714855034,0.013884321939238928,0.0003770715504084546,0.010528828698958794,133
1,6,True,rings_spatial_exact,0.02415894634249528,0.01015175714855034,0.01690673876171072,0.00043873189823970607,0.010590489046790046,134
1,6,True,rings_spatial_exact,0.02415894634249528,0.01015175714855034,0.03080784276246617,0.0005217385202963953,0.010673495668846735,135
1,6,True,rings_spatial_exact,0.02415894634249528,0.01015175714855034,0.0013457081405917669,-0.0013141380828527068,0.008837619065697633,136
1,6,True,rings_spatial_exact,0.02415894634249528,0.01015175714855034,0.4014690302900314,0.000521681911314251,0.01067343905986459,137
1,6,True,rings_spatial_exact,0.02415894634249528,0.01015175714855034,0.030306787440246688,0.0004773048855336217,0.010629062034083961,138
1,6,True,rings_spatial_exact,0.02415894634249528,0.01015175714855034,0.021825287427952863,0.0004076690989799469,0.010559426247530286,139
1,6,True,rings_spatial_exact,0.02415894634249528,0.01015175714855034,0.46155076699092046,0.0004725410589211422,0.010624298207471482,140
1,6,True,rings_spatial_exact,0.02415894634249528,0.01015175714855034,0.4192232715733016,0.00028599016878970776,0.010437747317340047,141
1,6,True,rings_spatial_exact,0.02415894634249528,0.01015175714855034,0.017611655002065723,-5.8542128472010777e-05,0.010093215020078329,142
1,6,True,rings_spatial_exact,0.02415894634249528,0.01015175714855034,0.005849762777455777,0.0002994740745753486,0.010451231223125688,143
1,6,True,rings_spatial_exact,0.02415894634249528,0.01015175714855034,0.39344670282518396,0.0004456476967807446,0.010597404845331084,144
1,6,True,rings_spatial_exact,0.02415894634249528,0.01015175714855034,0.0066538284508822505,0.00040414307642454815,0.010555900224974888,145
1,6,True,rings_spatial_exact,0.02415894634249528,0.01015175714855034,0.028290916674591597,0.0005193163765285815,0.010671073525078921,146
1,6,True,rings_spatial_exact,0.02415894634249528,0.01015175714855034,0.029275484229963518,0.0004564220833910334,0.010608179231941373,147
1,6,True,rings_spatial_exact,0.02415894634249528,0.01015175714855034,0.7800760809906483,0.000452311175660065,0.010604068324210405,148
1,6,True,rings_spatial_exact,0.02415894634249528,0.01015175714855034,0.11022856865552472,1.3355835122758758e-05,0.010165112983673098,149
1,6,True,rings_spatial_exact,0.02415894634249528,0.01015175714855034,0.33259878952827787,-0.00014772269884638124,0.010004034449703958,150
1,6,True,rings_spatial_exact,0.02415894634249528,0.01015175714855034,0.46085587605076334,0.000489715327701614,0.010641472476251954,151
1,6,True,rings_spatial_exact,0.02415894634249528,0.01015175714855034,0.0017258733446907113,0.0004791828716293276,0.010630940020179667,152
1,6,True,rings_spatial_exact,0.02415894634249528,0.01015175714855034,0.40149091711352636,0.00031902825289622204,0.010470785401446562,153
1,6,True,rings_spatial_exact,0.02415894634249528,0.01015175714855034,0.0047523919279832145,0.00044857578545339817,0.010600332934003738,154
1,6,True,rings_spatial_exact,0.02415894634249528,0.01015175714855034,0.018421197625407247,0.000309428861459864,0.010461186010010204,155
1,6,True,rings_spatial_exact,0.02415894634249528,0.01015175714855034,0.46654021679869956,0.00014516384033987778,0.010296920988890217,156
1,6,True,rings_spatial_exact,0.02415894634249528,0.01015175714855034,0.026554557728893632,0.0004360804572892934,0.010587837605839633,157
1,6,True,rings_spatial_exact,0.02415894634249528,0.01015175714855034,0.026208481833484672,0.0005088830800983931,0.010660640228648733,158
1,6,True,rings_spatial_exact,0.02415894634249528,0.01015175714855034,0.03429505978761033,0.0004540492871395931,0.010605806435689933,159
1,6,True,rings_spatial_exact,0.02415894634249528,0.01015175714855034,0.007151886389842056,0.0004416027890013722,0.010593359937551712,160
1,6,True,rings_spatial_exact,0.02415894634249528,0.01015175714855034,0.4617425563446736,0.0004738681053517921,0.010625625253902132,161
1,6,True,rings_spatial_exact,0.02415894634249528,0.01015175714855034,0.0037071134941547654,0.00044657016572819015,0.01059832731427853,162
1,6,True,rings_spatial_exact,0.02415894634249528,0.01015175714855034,0.048314235408725606,0.0001886546545171435,0.010340411803067483,163
1,6,True,rings_spatial_exact,0.02415894634249528,0.01015175714855034,0.0022775735733542024,-0.001315392163298075,0.008836364985252265,164
1,6,True,rings_spatial_exact,0.02415894634249528,0.01015175714855034,0.04732164111268959,-8.232626314553897e-05,0.0100694308854048,165
1,6,True,rings_spatial_exact,0.02415894634249528,0.01015175714855034,0.46120157863596334,-0.003129567863714027,0.007022189284836312,166
1,6,True,rings_spatial_exact,0.02415894634249528,0.01015175714855034,0.5695331683602873,-0.00019734761603877257,0.009954409532511567,167
1,6,True,rings_spatial_exact,0.02415894634249528,0.01015175714855034,0.41370130066189403,0.00022460207925651537,0.010376359227806855,168
1,6,True,rings_spatial_exact,0.02415894634249528,0.01015175714855034,0.39514852539001577,0.00044568617614276426,0.010597443324693104,169
1,6,True,rings_spatial_exact,0.02415894634249528,0.01015175714855034,0.39175059857062544,0.00045755019980602864,0.010609307348356368,170
1,6,True,rings_spatial_exact,0.02415894634249528,0.01015175714855034,0.38384690918157466,0.0002448555726037669,0.010396612721154106,171
1,6,True,rings_spatial_exact,0.02415894634249528,0.01015175714855034,0.4627957743527777,-0.0025763114984517334,0.007575445650098606,172
1,6,True,rings_spatial_exact,0.02415894634249528,0.01015175714855034,0.4888088750707332,-9.950510279247565e-05,0.010052252045757864,173
1,6,True,rings_spatial_exact,0.02415894634249528,0.01015175714855034,0.022262152365074343,-0.003219346260176284,0.006932410888374056,174
1,6,True,rings_spatial_exact,0.02415894634249528,0.01015175714855034,0.011592316809494144,0.00041503264878621146,0.010566789797336551,175
1,6,True,rings_spatial_exact,0.02415894634249528,0.01015175714855034,0.00232810488182698,0.0005012224451226063,0.010652979593672946,176
1,6,True,rings_spatial_exact,0.02415894634249528,0.01015175714855034,0.005327221544157066,-0.0025962484403823094,0.00755550870816803,177
1,6,True,rings_spatial_exact,0.02415894634249528,0.01015175714855034,0.4738630786645947,-0.0015448725638889313,0.008606884584661408,178
1,6,True,rings_spatial_exact,0.02415894634249528,0.01015175714855034,0.0013873478080974621,0.0005020051122866659,0.010653762260837005,179
1,6,True,rings_spatial_exact,0.02415894634249528,0.01015175714855034,0.002626779640970419,0.0005089770869756496,0.01066073423552599,180
1,6,True,rings_spatial_exact,0.02415894634249528,0.01015175714855034,0.38190726320273577,0.0004011789789551707,0.01055293612750551,181
1,6,True,rings_spatial_exact,0.02415894634249528,0.01015175714855034,0.026825393426579427,-0.0029157495467058876,0.007236007601844452,182
1,6,True,rings_spatial_exact,0.02415894634249528,0.01015175714855034,0.0023604224166161934,0.000504750060088606,0.010656507208638945,183
1,6,True,rings_spatial_exact,0.02415894634249528,0.01015175714855034,0.015258317207473253,-0.006448377733716143,0.0037033794148341966,184
1,6,True,rings_spatial_exact,0.02415894634249528,0.01015175714855034,0.005683632658237112,0.00045859831483015083,0.01061035546338049,185
1,6,True,rings_spatial_exact,0.02415894634249528,0.01015175714855034,0.020578292482427277,0.00021920386937907162,0.010370961017929411,186
1,6,True,rings_spatial_exact,0.02415894634249528,0.01015175714855034,0.004242892581948138,0.0004778467295493572,0.010629603878099697,187
1,6,True,rings_spatial_exact,0.02415894634249528,0.01015175714855034,0.01701679405253909,0.0004793323948325181,0.010631089543382858,188
1,6,True,rings_spatial_exact,0.02415894634249528,0.01015175714855034,0.016757584117424725,0.0004903672678113445,0.010642124416361684,189
1,6,True,rings_spatial_exact,0.02415894634249528,0.01015175714855034,0.009718698623012308,0.00041503153615595964,0.0105667886847063,190
1,6,True,rings_spatial_exact,0.02415894634249528,0.01015175714855034,0.02869240002569047,-0.0002276828265676458,0.009924074321982694,191
1,6,True,rings_spatial_exact,0.02415894634249528,0.01015175714855034,0.04363069205526576,0.000195356118949587,0.010347113267499927,192
1,6,True,rings_spatial_exact,0.02415894634249528,0.01015175714855034,0.4611244976048801,0.00044374296725487386,0.010595500115805213,193
1,6,True,rings_spatial_exact,0.02415894634249528,0.01015175714855034,0.4157437448186054,0.0005036847471125427,0.010655441895662882,194
1,6,True,rings_spatial_exact,0.02415894634249528,0.01015175714855034,0.11390943109895965,-4.5092002866998354e-05,0.010106665145683341,195
1,6,True,rings_spatial_exact,0.02415894634249528,0.01015175714855034,0.0378349840960328,0.00039217131355500853,0.010543928462105348,196
1,6,True,rings_spatial_exact,0.02415894634249528,0.01015175714855034,0.02764956847220595,0.000504720159111495,0.010656477307661835,197
1,6,True,rings_spatial_exact,0.02415894634249528,0.01015175714855034,0.028023456116797255,0.00047968884760239174,0.010631445996152731,198
1,6,True,rings_spatial_exact,0.02415894634249528,0.01015175714855034,0.006150614159622024,0.0003049780628061622,0.010456735211356502,199
2,6,True,rings_spatial_exact,0.2650434165666695,0.0013929309724363234,0.12277465128574483,0.008356088921158437,0.00974901989359476,0
2,6,True,rings_spatial_exact,0.2650434165666695,0.0013929309724363234,0.4258345817676077,0.005098030035506733,0.006490961007943056,1
2,6,True,rings_spatial_exact,0.2650434165666695,0.0013929309724363234,0.3365706285778978,0.005564938023768109,0.006957868996204433,2
2,6,True,rings_spatial_exact,0.2650434165666695,0.0013929309724363234,0.8686547594350092,0.006998393170329041,0.008391324142765364,3
2,6,True,rings_spatial_exact,0.2650434165666695,0.0013929309724363234,1.284940448581057,0.005568019133240251,0.006960950105676575,4
2,6,True,rings_spatial_exact,0.2650434165666695,0.0013929309724363234,0.1539985741543663,0.002759064276358189,0.004151995248794512,5
2,6,True,rings_spatial_exact,0.2650434165666695,0.0013929309724363234,1.2667351587690578,0.004250017218278189,0.005642948190714513,6
2,6,True,rings_spatial_exact,0.2650434165666695,0.0013929309724363234,1.0869067457934072,0.006495760232851897,0.00788869120528822,7
2,6,True,rings_spatial_exact,0.2650434165666695,0.0013929309724363234,0.4326138866815366,0.008837751787128463,0.010230682759564786,8
2,6,True,rings_spatial_exact,0.2650434165666695,0.0013929309724363234,0.19319175799895624,0.007812576860568339,0.009205507833004662,9
2,6,True,rings_spatial_exact,0.2650434165666695,0.0013929309724363234,0.269252193851782,0.006660233685167766,0.008053164657604089,10
2,6,True,rings_spatial_exact,0.2650434165666695,0.0013929309724363234,0.4926466704417449,0.00704543952212199,0.008438370494558313,11
2,6,True,rings_spatial_exact,0.2650434165666695,0.0013929309724363234,0.40090178020617706,0.004861472329867122,0.006254403302303445,12
2,6,True,rings_spatial_exact,0.2650434165666695,0.0013929309724363234,1.381569820197298,0.008467109996165479,0.009860040968601802,13
2,6,True,rings_spatial_exact,0.2650434165666695,0.0013929309724363234,0.8964448832372547,0.008334261108902076,0.009727192081338399,14
2,6,True,rings_spatial_exact,0.2650434165666695,0.0013929309724363234,0.6411070855679057,0.0036261331052732074,0.005019064077709531,15
2,6,True,rings_spatial_exact,0.2650434165666695,0.0013929309724363234,0.17354817236947487,0.004642584182456519,0.0060355151548928425,16
2,6,True,rings_spatial_exact,0.2650434165666695,0.0013929309724363234,0.7409400322204244,0.0027320604760008534,0.004124991448437177,17
2,6,True,rings_spatial_exact,0.2650434165666695,0.0013929309724363234,0.5221365963024361,0.006230790939367261,0.007623721911803585,18
2,6,True,rings_spatial_exact,0.2650434165666695,0.0013929309724363234,0.4617877496048253,0.008388447647076913,0.009781378619513236,19
2,6,True,rings_spatial_exact,0.2650434165666695,0.0013929309724363234,0.6812053448301165,0.008400944202691645,0.009793875175127968,20
2,6,True,rings_spatial_exact,0.2650434165666695,0.0013929309724363234,0.0519930976165374,0.009035229713555214,0.010428160685991537,21
2,6,True,rings_spatial_exact,0.2650434165666695,0.0013929309724363234,0.5385070528508256,0.006618884083179941,0.008011815055616264,22
2,6,True,rings_spatial_exact,0.2650434165666695,0.0013929309724363234,0.6473077992910419,0.00507019825404998,0.006463129226486304,23
2,6,True,rings_spatial_exact,0.2650434165666695,0.0013929309724363234,0.5100888103962384,0.0016389084975724122,0.0030318394700087356,24
2,6,True,rings_spatial_exact,0.2650434165666695,0.0013929309724363234,0.467152086286165,0.007142820853934568,0.008535751826370891,25
2,6,True,rings_spatial_exact,0.2650434165666695,0.0013929309724363234,0.4228692512209999,0.00911225233743662,0.010505183309872943,26
2,6,True,rings_spatial_exact,0.2650434165666695,0.0013929309724363234,1.0488067617600036,0.008369008119300036,0.009761939091736359,27
2,6,True,rings_spatial_exact,0.2650434165666695,0.0013929309724363234,0.6258566205160683,0.0029792054570292555,0.004372136429465579,28
2,6,True,rings_spatial_exact,0.2650434165666695,0.0013929309724363234,0.13721043239150613,0.008014342290219228,0.00940727326265555,29
2,6,True,rings_spatial_exact,0.2650434165666695,0.0013929309724363234,1.124312684805753,0.00564185917573571,0.007034790148172033,30
2,6,True,rings_spatial_exact,0.2650434165666695,0.0013929309724363234,0.17815253529634723,0.004953442179156614,0.006346373151592937,31
2,6,True,rings_spatial_exact,0.2650434165666695,0.0013929309724363234,0.14816165805303477,0.0038151946593234713,0.005208125631759795,32
2,6,True,rings_spatial_exact,0.2650434165666695,0.0013929309724363234,0.04284439503584445,0.005523651051404191,0.006916582023840515,33
2,6,True,rings_spatial_exact,0.2650434165666695,0.0013929309724363234,0.764554347249708,0.0042045543100276885,0.0055974852824640115,34
2,6,True,rings_spatial_exact,0.2650434165666695,0.0013929309724363234,0.5613753158209288,0.008222630185476145,0.009615561157912468,35
2,6,True,rings_spatial_exact,0.2650434165666695,0.0013929309724363234,0.530219160635419,0.0001089357543423747,0.0015018667267786981,36
2,6,True,rings_spatial_exact,0.2650434165666695,0.0013929309724363234,0.7325844506882572,0.008696451927290627,0.01008938289972695,37
2,6,True,rings_spatial_exact,0.2650434165666695,0.0013929309724363234,0.6539423254605627,0.008519478196666309,0.009912409169102632,38
2,6,True,rings_spatial_exact,0.2650434165666695,0.0013929309724363234,0.41470816732548843,0.008916013440563591,0.010308944412999914,39
2,6,True,rings_spatial_exact,0.2650434165666695,0.0013929309724363234,0.5323303178670299,0.0014105774503054402,0.0028035084227417636,40
2,6,True,rings_spatial_exact,0.2650434165666695,0.0013929309724363234,0.6183917611149942,0.00484062399408554,0.006233554966521863,41
2,6,True,rings_spatial_exact,0.2650434165666695,0.0013929309724363234,0.9168096105480903,0.00314989874413314,0.0045428297165694635,42
2,6,True,rings_spatial_exact,0.2650434165666695,0.0013929309724363234,0.8138987161563399,0.008884450407513502,0.010277381379949825,43
2,6,True,rings_spatial_exact,0.2650434165666695,0.0013929309724363234,1.1169937577280882,0.005279410750438683,0.006672341722875006,44
2,6,True,rings_spatial_exact,0.2650434165666695,0.0013929309724363234,0.8521616753123041,0.009124437200403812,0.010517368172840135,45
2,6,True,rings_spatial_exact,0.2650434165666695,0.0013929309724363234,0.8876360109316853,0.006645585649581051,0.008038516622017374,46
2,6,True,rings_spatial_exact,0.2650434165666695,0.0013929309724363234,1.1261452645045156,0.0032081119788640445,0.004601042951300368,47
2,6,True,rings_spatial_exact,0.2650434165666695,0.0013929309724363234,0.9428022103080125,0.006706884509705174,0.008099815482141497,48
2,6,True,rings_spatial_exact,0.2650434165666695,0.0013929309724363234,0.44424525823829486,0.008509493777919574,0.009902424750355897,49
2,6,True,rings_spatial_exact,0.2650434165666695,0.0013929309724363234,0.6434173838752876,0.008366547402190854,0.009759478374627177,50
2,6,True,rings_spatial_exact,0.2650434165666695,0.0013929309724363234,0.6441642468709785,0.009024272463785937,0.01041720343622226,51
2,6,True,rings_spatial_exact,0.2650434165666695,0.0013929309724363234,0.36161600765082125,0.008399185718395201,0.009792116690831524,52
2,6,True,rings_spatial_exact,0.2650434165666695,0.0013929309724363234,0.4787964036218907,0.008100649621289776,0.0094935805937261,53
2,6,True,rings_spatial_exact,0.2650434165666695,0.0013929309724363234,0.8632629771832047,0.007110550827955366,0.008503481800391689,54
2,6,True,rings_spatial_exact,0.2650434165666695,0.0013929309724363234,0.6559657982495006,0.008843397277813907,0.01023632825025023,55
2,6,True,rings_spatial_exact,0.2650434165666695,0.0013929309724363234,0.8880466510014885,0.005042568226927117,0.006435499199363441,56
2,6,True,rings_spatial_exact,0.2650434165666695,0.0013929309724363234,0.059227314634144795,0.0004921881962598785,0.001885119168696202,57
2,6,True,rings_spatial_exact,0.2650434165666695,0.0013929309724363234,0.7168097800258155,0.007337128043401024,0.008730059015837347,58
2,6,True,rings_spatial_exact,0.2650434165666695,0.0013929309724363234,0.6128099039776026,0.007799127438762338,0.009192058411198661,59
2,6,True,rings_spatial_exact,0.2650434165666695,0.0013929309724363234,1.4053870341877908,0.0028755926075126523,0.004268523579948976,60
2,6,True,rings_spatial_exact,0.2650434165666695,0.0013929309724363234,0.7785931758184171,0.008101031185625699,0.009493962158062022,61
2,6,True,rings_spatial_exact,0.2650434165666695,0.0013929309724363234,0.37421089608387975,0.0055966541518432476,0.006989585124279571,62
2,6,True,rings_spatial_exact,0.2650434165666695,0.0013929309724363234,0.2608753035681759,0.0006272036045308796,0.002020134576967203,63
2,6,True,rings_spatial_exact,0.2650434165666695,0.0013929309724363234,0.7369533525488456,0.008310222443783212,0.009703153416219535,64
2,6,True,rings_spatial_exact,0.2650434165666695,0.0013929309724363234,0.6612851220972478,0.006468456083655143,0.007861387056091466,65
2,6,True,rings_spatial_exact,0.2650434165666695,0.0013929309724363234,0.7530484069081361,0.008028511901004929,0.009421442873441252,66
2,6,True,rings_spatial_exact,0.2650434165666695,0.0013929309724363234,0.04933253023777996,0.005510896864466371,0.006903827836902695,67
2,6,True,rings_spatial_exact,0.2650434165666695,0.0013929309724363234,0.2445687056917241,0.0036909421324889855,0.005083873104925309,68
2,6,True,rings_spatial_exact,0.2650434165666695,0.0013929309724363234,1.376745165309249,0.004703016895049001,0.006095947867485325,69
2,6,True,rings_spatial_exact,0.2650434165666695,0.0013929309724363234,0.6816374403815934,0.008203453066932107,0.00959638403936843,70
2,6,True,rings_spatial_exact,0.2650434165666695,0.0013929309724363234,0.6680573570989298,0.008218239272263422,0.009611170244699745,71
2,6,True,rings_spatial_exact,0.2650434165666695,0.0013929309724363234,0.628382848202484,0.008916982598224,0.010309913570660323,72
2,6,True,rings_spatial_exact,0.2650434165666695,0.0013929309724363234,0.8331559629021229,0.008519197173921753,0.009912128146358076,73
2,6,True,rings_spatial_exact,0.2650434165666695,0.0013929309724363234,0.05407824952394923,0.005409151307495787,0.00680208227993211,74
2,6,True,rings_spatial_exact,0.2650434165666695,0.0013929309724363234,1.2990857263069828,0.006660419172316983,0.008053350144753306,75
2,6,True,rings_spatial_exact,0.2650434165666695,0.0013929309724363234,0.49220327998779084,0.005303416932123259,0.006696347904559582,76
2,6,True,rings_spatial_exact,0.2650434165666695,0.0013929309724363234,1.2253318167637797,0.008618211071424903,0.010011142043861226,77
2,6,True,rings_spatial_exact,0.2650434165666695,0.0013929309724363234,0.039756076244119434,0.004038824429071589,0.005431755401507913,78
2,6,True,rings_spatial_exact,0.2650434165666695,0.0013929309724363234,1.2756731068872975,0.008692261478821572,0.010085192451257895,79
2,6,True,rings_spatial_exact,0.2650434165666695,0.0013929309724363234,0.8950890912372198,0.0067837319890770385,0.008176662961513361,80
2,6,True,rings_spatial_exact,0.2650434165666695,0.0013929309724363234,0.5122741531700817,0.0016704446259933042,0.0030633755984296276,81
2,6,True,rings_spatial_exact,0.2650434165666695,0.0013929309724363234,0.9861747412390843,0.007966007347111111,0.009358938319547434,82
2,6,True,rings_spatial_exact,0.2650434165666695,0.0013929309724363234,0.13904287990327868,0.00188103526052278,0.0032739662329591035,83
2,6,True,rings_spatial_exact,0.2650434165666695,0.0013929309724363234,1.1346655473791072,0.006767429077861561,0.008160360050297884,84
2,6,True,rings_spatial_exact,0.2650434165666695,0.0013929309724363234,0.20548532629249538,0.007647729104477712,0.009040660076914035,85
2,6,True,rings_spatial_exact,0.2650434165666695,0.0013929309724363234,0.1483332120340639,0.0035190269277781175,0.004911957900214441,86
2,6,True,rings_spatial_exact,0.2650434165666695,0.0013929309724363234,0.14493101588857815,0.004706609654615624,0.006099540627051948,87
2,6,True,rings_spatial_exact,0.2650434165666695,0.0013929309724363234,0.8372268271033745,0.008346123994383383,0.009739054966819706,88
2,6,True,rings_spatial_exact,0.2650434165666695,0.0013929309724363234,0.3939637961899446,0.007749612182029618,0.009142543154465941,89
2,6,True,rings_spatial_exact,0.2650434165666695,0.0013929309724363234,0.1492982786191196,0.0015466258571894369,0.0029395568296257603,90
2,6,True,rings_spatial_exact,0.2650434165666695,0.0013929309724363234,0.47449525033874107,0.008387891589888698,0.009780822562325021,91
2,6,True,rings_spatial_exact,0.2650434165666695,0.0013929309724363234,0.5422498073816532,0.004545353092412054,0.005938284064848378,92
2,6,True,rings_spatial_exact,0.2650434165666695,0.0013929309724363234,0.6821751447327069,0.008460414206246112,0.009853345178682435,93
2,6,True,rings_spatial_exact,0.2650434165666695,0.0013929309724363234,0.4361579399757966,0.008699973917281232,0.010092904889717555,94
2,6,True,rings_spatial_exact,0.2650434165666695,0.0013929309724363234,0.5585648829355186,0.001920449262919956,0.0033133802353562795,95
2,6,True,rings_spatial_exact,0.2650434165666695,0.0013929309724363234,0.28315228619077054,0.008888652275502729,0.010281583247939052,96
2,6,True,rings_spatial_exact,0.2650434165666695,0.0013929309724363234,0.16164485892488964,0.004719609172963324,0.006112540145399648,97
2,6,True,rings_spatial_exact,0.2650434165666695,0.0013929309724363234,0.514274840851887,0.00843149960436479,0.009824430576801112,98
2,6,True,rings_spatial_exact,0.2650434165666695,0.0013929309724363234,0.5223286748239173,0.004254893693942401,0.005647824666378725,99
2,6,True,rings_spatial_exact,0.2650434165666695,0.0013929309724363234,0.7192294849661217,0.008875858138302557,0.01026878911073888,100
2,6,True,rings_spatial_exact,0.2650434165666695,0.0013929309724363234,0.5520484459032897,0.00309762759614514,0.0044905585685814636,101
2,6,True,rings_spatial_exact,0.2650434165666695,0.0013929309724363234,0.35428756614442236,0.0037443460757329654,0.005137277048169289,102
2,6,True,rings_spatial_exact,0.2650434165666695,0.0013929309724363234,0.5775391067111696,0.008682304217109893,0.010075235189546216,103
2,6,True,rings_spatial_exact,0.2650434165666695,0.0013929309724363234,0.4290745170602507,0.005848778315265176,0.007241709287701499,104
2,6,True,rings_spatial_exact,0.2650434165666695,0.0013929309724363234,0.8025618304793306,0.005060976855947457,0.006453907828383781,105
2,6,True,rings_spatial_exact,0.2650434165666695,0.0013929309724363234,0.821765331345203,0.003586109326822452,0.004979040299258775,106
2,6,True,rings_spatial_exact,0.2650434165666695,0.0013929309724363234,0.026123588873494457,0.005848434494924856,0.00724136546736118,107
2,6,True,rings_spatial_exact,0.2650434165666695,0.0013929309724363234,0.900796395615751,0.006920592339267558,0.008313523311703881,108
2,6,True,rings_spatial_exact,0.2650434165666695,0.0013929309724363234,0.1370121397697521,0.005434860145474556,0.006827791117910879,109
2,6,True,rings_spatial_exact,0.2650434165666695,0.0013929309724363234,0.18717365100768452,0.008022195421276534,0.009415126393712857,110
2,6,True,rings_spatial_exact,0.2650434165666695,0.0013929309724363234,0.580587709084474,0.003036389795756728,0.004429320768193051,111
2,6,True,rings_spatial_exact,0.2650434165666695,0.0013929309724363234,0.9092377710010977,0.007096797685090386,0.008489728657526709,112
2,6,True,rings_spatial_exact,0.2650434165666695,0.0013929309724363234,0.2933554638507286,0.001929853804698325,0.0033227847771346484,113
2,6,True,rings_spatial_exact,0.2650434165666695,0.0013929309724363234,0.5212616975105261,0.0014294376316150597,0.002822368604051383,114
2,6,True,rings_spatial_exact,0.2650434165666695,0.0013929309724363234,0.05419748095614983,0.00867056803689301,0.010063499009329333,115
2,6,True,rings_spatial_exact,0.2650434165666695,0.0013929309724363234,0.07994664072112899,0.007316590351039565,0.008709521323475888,116
2,6,True,rings_spatial_exact,0.2650434165666695,0.0013929309724363234,0.03193788332694673,0.007157177393949464,0.008550108366385787,117
2,6,True,rings_spatial_exact,0.2650434165666695,0.0013929309724363234,0.05536952690907659,0.004477086947644433,0.005870017920080757,118
2,6,True,rings_spatial_exact,0.2650434165666695,0.0013929309724363234,0.44265167155726376,0.006955811105216205,0.008348742077652528,119
2,6,True,rings_spatial_exact,0.2650434165666695,0.0013929309724363234,0.2552927616030499,0.00527377114748377,0.006666702119920093,120
2,6,True,rings_spatial_exact,0.2650434165666695,0.0013929309724363234,0.6548921438200723,0.00642564555745038,0.007818576529886703,121
2,6,True,rings_spatial_exact,0.2650434165666695,0.0013929309724363234,0.03882527145667285,0.00047348601467968234,0.0018664169871160058,122
2,6,True,rings_spatial_exact,0.2650434165666695,0.0013929309724363234,0.9361970964662973,0.00824814844816445,0.009641079420600773,123
2,6,True,rings_spatial_exact,0.2650434165666695,0.0013929309724363234,1.3937641481144663,0.004779897217520122,0.006172828189956445,124
2,6,True,rings_spatial_exact,0.2650434165666695,0.0013929309724363234,0.7107582971069427,0.004286461638191109,0.005679392610627432,125
2,6,True,rings_spatial_exact,0.2650434165666695,0.0013929309724363234,0.10780746610745584,0.006271351374385989,0.007664282346822312,126
2,6,True,rings_spatial_exact,0.2650434165666695,0.0013929309724363234,0.3857765776586164,0.0018557801917720817,0.003248711164208405,127
2,6,True,rings_spatial_exact,0.2650434165666695,0.0013929309724363234,0.7668690533794451,0.002566795908915448,0.003959726881351771,128
2,6,True,rings_spatial_exact,0.2650434165666695,0.0013929309724363234,0.755940945270062,0.005023237749627629,0.006416168722063952,129
2,6,True,rings_spatial_exact,0.2650434165666695,0.0013929309724363234,0.43646424391991495,0.0022911140842995924,0.003684045056735916,130
2,6,True,rings_spatial_exact,0.2650434165666695,0.0013929309724363234,0.3642366758743513,0.0032061251868911365,0.00459905615932746,131
2,6,True,rings_spatial_exact,0.2650434165666695,0.0013929309724363234,1.1127442796365765,0.0064152186884698596,0.007808149660906183,132
2,6,True,rings_spatial_exact,0.2650434165666695,0.0013929309724363234,0.6308427885123115,0.005224085535949207,0.006617016508385531,133
2,6,True,rings_spatial_exact,0.2650434165666695,0.0013929309724363234,0.06748702620826716,6.227743016827287e-05,0.0014552084026045963,134
2,6,True,rings_spatial_exact,0.2650434165666695,0.0013929309724363234,1.1582120132752758,0.004339746879226334,0.005732677851662657,135
2,6,True,rings_spatial_exact,0.2650434165666695,0.0013929309724363234,0.06488565357567204,0.008943085219455573,0.010336016191891896,136
2,6,True,rings_spatial_exact,0.2650434165666695,0.0013929309724363234,0.2397298786980137,0.005522411363109802,0.006915342335546125,137
2,6,True,rings_spatial_exact,0.2650434165666695,0.0013929309724363234,1.070315884442673,0.006055188925841497,0.00744811989827782,138
2,6,True,rings_spatial_exact,0.2650434165666695,0.0013929309724363234,0.6612719593999901,0.004805954807607532,0.006198885780043855,139
2,6,True,rings_spatial_exact,0.2650434165666695,0.0013929309724363234,1.1226164771361677,0.0055835014375800775,0.006976432410016401,140
2,6,True,rings_spatial_exact,0.2650434165666695,0.0013929309724363234,0.9283040622091874,0.008460311932566337,0.00985324290500266,141
2,6,True,rings_spatial_exact,0.2650434165666695,0.0013929309724363234,0.16739616104868688,0.004137249389854257,0.005530180362290581,142
2,6,True,rings_spatial_exact,0.2650434165666695,0.0013929309724363234,0.530102117328815,0.006976427281708046,0.008369358254144369,143
2,6,True,rings_spatial_exact,0.2650434165666695,0.0013929309724363234,0.10802693534214246,0.008266125489576392,0.009659056462012715,144
2,6,True,rings_spatial_exact,0.2650434165666695,0.0013929309724363234,1.2273187357976745,0.008333615409725442,0.009726546382161765,145
2,6,True,rings_spatial_exact,0.2650434165666695,0.0013929309724363234,0.5250883764382481,0.005307316708626202,0.006700247681062526,146
2,6,True,rings_spatial_exact,0.2650434165666695,0.0013929309724363234,0.5508694451455612,0.0012579815178778166,0.00265091249031414,147
2,6,True,rings_spatial_exact,0.2650434165666695,0.0013929309724363234,0.03885942491381667,0.0018283595586219051,0.0032212905310582286,148
2,6,True,rings_spatial_exact,0.2650434165666695,0.0013929309724363234,0.03087446401921146,0.00907078357925921,0.010463714551695534,149
2,6,True,rings_spatial_exact,0.2650434165666695,0.0013929309724363234,0.40938634293380016,0.005628885467797176,0.0070218164402335,150
2,6,True,rings_spatial_exact,0.2650434165666695,0.0013929309724363234,0.6096256227534445,0.008499277681138409,0.009892208653574732,151
2,6,True,rings_spatial_exact,0.2650434165666695,0.0013929309724363234,0.6534194207958797,0.005920982617192427,0.007313913589628751,152
2,6,True,rings_spatial_exact,0.2650434165666695,0.0013929309724363234,0.423469768089657,0.005696890682936691,0.007089821655373015,153
2,6,True,rings_spatial_exact,0.2650434165666695,0.0013929309724363234,0.6276021084370642,0.007950958784860289,0.009343889757296612,154
2,6,True,rings_spatial_exact,0.2650434165666695,0.0013929309724363234,0.35353290579485774,0.005082050807131672,0.0064749817795679955,155
2,6,True,rings_spatial_exact,0.2650434165666695,0.0013929309724363234,0.047418230840099974,0.0037370586065447633,0.005129989578981087,156
2,6,True,rings_spatial_exact,0.2650434165666695,0.0013929309724363234,0.6782704759915805,0.005389776245866354,0.006782707218302678,157
2,6,True,rings_spatial_exact,0.2650434165666695,0.0013929309724363234,0.05016761995529497,0.005982436015643964,0.007375366988080287,158
2,6,True,rings_spatial_exact,0.2650434165666695,0.0013929309724363234,0.5599966294300736,0.0012648240220230833,0.0026577549944594068,159
2,6,True,rings_spatial_exact,0.2650434165666695,0.0013929309724363234,0.483121000209206,-0.000296372671476388,0.0010965583009599354,160
2,6,True,rings_spatial_exact,0.2650434165666695,0.0013929309724363234,0.7061661900459726,0.0055100788949256265,0.00690300986736195,161
2,6,True,rings_spatial_exact,0.2650434165666695,0.0013929309724363234,0.7415849425103047,0.008453998112439251,0.009846929084875574,162
2,6,True,rings_spatial_exact,0.2650434165666695,0.0013929309724363234,0.04983223642471932,0.001931377370499445,0.0033243083429357685,163
2,6,True,rings_spatial_exact,0.2650434165666695,0.0013929309724363234,0.14582616901923812,0.004637063216731055,0.006029994189167378,164
2,6,True,rings_spatial_exact,0.2650434165666695,0.0013929309724363234,0.6401975731159927,0.0025419793770520252,0.003934910349488349,165
2,6,True,rings_spatial_exact,0.2650434165666695,0.0013929309724363234,0.34679889512299783,-9.207557212494557e-05,0.0013008554003113779,166
2,6,True,rings_spatial_exact,0.2650434165666695,0.0013929309724363234,0.9057872916359806,0.0031154522758530087,0.004508383248289332,167
2,6,True,rings_spatial_exact,0.2650434165666695,0.0013929309724363234,0.7413426753348094,0.004442667942186465,0.005835598914622788,168
2,6,True,rings_spatial_exact,0.2650434165666695,0.0013929309724363234,0.7677356632068135,0.001530216865994325,0.0029231478384306483,169
2,6,True,rings_spatial_exact,0.2650434165666695,0.0013929309724363234,0.5243509232026496,0.006648574566050815,0.008041505538487138,170
2,6,True,rings_spatial_exact,0.2650434165666695,0.0013929309724363234,0.05354323906374148,0.00912879912347259,0.010521730095908913,171
2,6,True,rings_spatial_exact,0.2650434165666695,0.0013929309724363234,0.25447626993587785,0.004229977354825059,0.005622908327261383,172
2,6,True,rings_spatial_exact,0.2650434165666695,0.0013929309724363234,0.8752834371126579,0.009107429411834442,0.010500360384270765,173
2,6,True,rings_spatial_exact,0.2650434165666695,0.0013929309724363234,0.9023344382708557,0.005187343516789908,0.006580274489226232,174
2,6,True,rings_spatial_exact,0.2650434165666695,0.0013929309724363234,0.03987096299078656,0.005029524214424534,0.006422455186860858,175
2,6,True,rings_spatial_exact,0.2650434165666695,0.0013929309724363234,0.910330286258908,0.005322311165534338,0.0067152421379706615,176
2,6,True,rings_spatial_exact,0.2650434165666695,0.0013929309724363234,1.1206823646827944,0.008490666463044718,0.009883597435481041,177
2,6,True,rings_spatial_exact,0.2650434165666695,0.0013929309724363234,0.8179522331086884,0.0068413435897008,0.008234274562137123,178
2,6,True,rings_spatial_exact,0.2650434165666695,0.0013929309724363234,0.5373708534033553,0.006686525487664017,0.00807945646010034,179
2,6,True,rings_spatial_exact,0.2650434165666695,0.0013929309724363234,1.011981161926784,0.005494094335873204,0.006887025308309527,180
2,6,True,rings_spatial_exact,0.2650434165666695,0.0013929309724363234,0.40221010429253445,0.0021784665469658094,0.003571397519402133,181
2,6,True,rings_spatial_exact,0.2650434165666695,0.0013929309724363234,0.5029471839370132,0.00357511877883934,0.004968049751275664,182
2,6,True,rings_spatial_exact,0.2650434165666695,0.0013929309724363234,0.6786018485967253,0.004524237922813867,0.00591716889525019,183
2,6,True,rings_spatial_exact,0.2650434165666695,0.0013929309724363234,0.4005910521187583,0.00869255114605579,0.010085482118492113,184
2,6,True,rings_spatial_exact,0.2650434165666695,0.0013929309724363234,0.2397951634265438,0.005952036052756073,0.007344967025192397,185
2,6,True,rings_spatial_exact,0.2650434165666695,0.0013929309724363234,0.5239182762853338,0.005308605339946265,0.006701536312382588,186
2,6,True,rings_spatial_exact,0.2650434165666695,0.0013929309724363234,0.7600236180386213,0.009037112567860283,0.010430043540296606,187
2,6,True,rings_spatial_exact,0.2650434165666695,0.0013929309724363234,0.17559965969572391,0.00856785269978497,0.009960783672221293,188
2,6,True,rings_spatial_exact,0.2650434165666695,0.0013929309724363234,0.4248417690725705,0.0039019182709127483,0.005294849243349072,189
2,6,True,rings_spatial_exact,0.2650434165666695,0.0013929309724363234,0.5329042444172719,0.008222244423753083,0.009615175396189406,190
2,6,True,rings_spatial_exact,0.2650434165666695,0.0013929309724363234,0.8897859817951531,8.609542446526524e-05,0.0014790263969015887,191
2,6,True,rings_spatial_exact,0.2650434165666695,0.0013929309724363234,1.1074611331105888,0.006968675847349554,0.008361606819785877,192
2,6,True,rings_spatial_exact,0.2650434165666695,0.0013929309724363234,0.6569606299837569,0.005216224399572743,0.006609155372009067,193
2,6,True,rings_spatial_exact,0.2650434165666695,0.0013929309724363234,0.6421561730100905,0.008937231899698436,0.010330162872134759,194
2,6,True,rings_spatial_exact,0.2650434165666695,0.0013929309724363234,0.2918187461727633,0.006649981156125379,0.008042912128561702,195
2,6,True,rings_spatial_exact,0.2650434165666695,0.0013929309724363234,0.6498679366784184,0.00535900110076043,0.006751932073196754,196
2,6,True,rings_spatial_exact,0.2650434165666695,0.0013929309724363234,0.539324959117261,0.006420486490832489,0.007813417463268812,197
2,6,True,rings_spatial_exact,0.2650434165666695,0.0013929309724363234,0.4566490477056425,0.004909853147372394,0.006302784119808718,198
2,6,True,rings_spatial_exact,0.2650434165666695,0.0013929309724363234,0.06613819744770216,0.005178604594681545,0.006571535567117869,199
6,6,True,rings_spatial_exact,1.7143207860127867,2.732546821081797e-35,1.7143207860127867,0.0,2.732546821081797e-35,0
6,6,True,rings_spatial_exact,1.7143207860127867,2.732546821081797e-35,1.7143207860127867,0.0,2.732546821081797e-35,1
6,6,True,rings_spatial_exact,1.7143207860127867,2.732546821081797e-35,1.7143207860127867,0.0,2.732546821081797e-35,2
6,6,True,rings_spatial_exact,1.7143207860127867,2.732546821081797e-35,1.7143207860127867,0.0,2.732546821081797e-35,3
6,6,True,rings_spatial_exact,1.7143207860127867,2.732546821081797e-35,1.7143207860127867,0.0,2.732546821081797e-35,4
6,6,True,rings_spatial_exact,1.7143207860127867,2.732546821081797e-35,1.7143207860127867,0.0,2.732546821081797e-35,5
6,6,True,rings_spatial_exact,1.7143207860127867,2.732546821081797e-35,1.7143207860127867,0.0,2.732546821081797e-35,6
6,6,True,rings_spatial_exact,1.7143207860127867,2.732546821081797e-35,1.7143207860127867,0.0,2.732546821081797e-35,7
6,6,True,rings_spatial_exact,1.7143207860127867,2.732546821081797e-35,1.7143207860127867,0.0,2.732546821081797e-35,8
6,6,True,rings_spatial_exact,1.7143207860127867,2.732546821081797e-35,1.7143207860127867,0.0,2.732546821081797e-35,9
6,6,True,rings_spatial_exact,1.7143207860127867,2.732546821081797e-35,1.7143207860127867,0.0,2.732546821081797e-35,10
6,6,True,rings_spatial_exact,1.7143207860127867,2.732546821081797e-35,1.7143207860127867,0.0,2.732546821081797e-35,11
6,6,True,rings_spatial_exact,1.7143207860127867,2.732546821081797e-35,1.7143207860127867,0.0,2.732546821081797e-35,12
6,6,True,rings_spatial_exact,1.7143207860127867,2.732546821081797e-35,1.7143207860127867,0.0,2.732546821081797e-35,13
6,6,True,rings_spatial_exact,1.7143207860127867,2.732546821081797e-35,1.7143207860127867,0.0,2.732546821081797e-35,14
6,6,True,rings_spatial_exact,1.7143207860127867,2.732546821081797e-35,1.7143207860127867,0.0,2.732546821081797e-35,15
6,6,True,rings_spatial_exact,1.7143207860127867,2.732546821081797e-35,1.7143207860127867,0.0,2.732546821081797e-35,16
6,6,True,rings_spatial_exact,1.7143207860127867,2.732546821081797e-35,1.7143207860127867,0.0,2.732546821081797e-35,17
6,6,True,rings_spatial_exact,1.7143207860127867,2.732546821081797e-35,1.7143207860127867,0.0,2.732546821081797e-35,18
6,6,True,rings_spatial_exact,1.7143207860127867,2.732546821081797e-35,1.7143207860127867,0.0,2.732546821081797e-35,19
6,6,True,rings_spatial_exact,1.7143207860127867,2.732546821081797e-35,1.7143207860127867,0.0,2.732546821081797e-35,20
6,6,True,rings_spatial_exact,1.7143207860127867,2.732546821081797e-35,1.7143207860127867,0.0,2.732546821081797e-35,21
6,6,True,rings_spatial_exact,1.7143207860127867,2.732546821081797e-35,1.7143207860127867,0.0,2.732546821081797e-35,22
6,6,True,rings_spatial_exact,1.7143207860127867,2.732546821081797e-35,1.7143207860127867,0.0,2.732546821081797e-35,23
6,6,True,rings_spatial_exact,1.7143207860127867,2.732546821081797e-35,1.7143207860127867,0.0,2.732546821081797e-35,24
6,6,True,rings_spatial_exact,1.7143207860127867,2.732546821081797e-35,1.7143207860127867,0.0,2.732546821081797e-35,25
6,6,True,rings_spatial_exact,1.7143207860127867,2.732546821081797e-35,1.7143207860127867,0.0,2.732546821081797e-35,26
6,6,True,rings_spatial_exact,1.7143207860127867,2.732546821081797e-35,1.7143207860127867,0.0,2.732546821081797e-35,27
6,6,True,rings_spatial_exact,1.7143207860127867,2.732546821081797e-35,1.7143207860127867,0.0,2.732546821081797e-35,28
6,6,True,rings_spatial_exact,1.7143207860127867,2.732546821081797e-35,1.7143207860127867,0.0,2.732546821081797e-35,29
6,6,True,rings_spatial_exact,1.7143207860127867,2.732546821081797e-35,1.7143207860127867,0.0,2.732546821081797e-35,30
6,6,True,rings_spatial_exact,1.7143207860127867,2.732546821081797e-35,1.7143207860127867,0.0,2.732546821081797e-35,31
6,6,True,rings_spatial_exact,1.7143207860127867,2.732546821081797e-35,1.7143207860127867,0.0,2.732546821081797e-35,32
6,6,True,rings_spatial_exact,1.7143207860127867,2.732546821081797e-35,1.7143207860127867,0.0,2.732546821081797e-35,33
6,6,True,rings_spatial_exact,1.7143207860127867,2.732546821081797e-35,1.7143207860127867,0.0,2.732546821081797e-35,34
6,6,True,rings_spatial_exact,1.7143207860127867,2.732546821081797e-35,1.7143207860127867,0.0,2.732546821081797e-35,35
6,6,True,rings_spatial_exact,1.7143207860127867,2.732546821081797e-35,1.7143207860127867,0.0,2.732546821081797e-35,36
6,6,True,rings_spatial_exact,1.7143207860127867,2.732546821081797e-35,1.7143207860127867,0.0,2.732546821081797e-35,37
6,6,True,rings_spatial_exact,1.7143207860127867,2.732546821081797e-35,1.7143207860127867,0.0,2.732546821081797e-35,38
6,6,True,rings_spatial_exact,1.7143207860127867,2.732546821081797e-35,1.7143207860127867,0.0,2.732546821081797e-35,39
6,6,True,rings_spatial_exact,1.7143207860127867,2.732546821081797e-35,1.7143207860127867,0.0,2.732546821081797e-35,40
6,6,True,rings_spatial_exact,1.7143207860127867,2.732546821081797e-35,1.7143207860127867,0.0,2.732546821081797e-35,41
6,6,True,rings_spatial_exact,1.7143207860127867,2.732546821081797e-35,1.7143207860127867,0.0,2.732546821081797e-35,42
6,6,True,rings_spatial_exact,1.7143207860127867,2.732546821081797e-35,1.7143207860127867,0.0,2.732546821081797e-35,43
6,6,True,rings_spatial_exact,1.7143207860127867,2.732546821081797e-35,1.7143207860127867,0.0,2.732546821081797e-35,44
6,6,True,rings_spatial_exact,1.7143207860127867,2.732546821081797e-35,1.7143207860127867,0.0,2.732546821081797e-35,45
6,6,True,rings_spatial_exact,1.7143207860127867,2.732546821081797e-35,1.7143207860127867,0.0,2.732546821081797e-35,46
6,6,True,rings_spatial_exact,1.7143207860127867,2.732546821081797e-35,1.7143207860127867,0.0,2.732546821081797e-35,47
6,6,True,rings_spatial_exact,1.7143207860127867,2.732546821081797e-35,1.7143207860127867,0.0,2.732546821081797e-35,48
6,6,True,rings_spatial_exact,1.7143207860127867,2.732546821081797e-35,1.7143207860127867,0.0,2.732546821081797e-35,49
6,6,True,rings_spatial_exact,1.7143207860127867,2.732546821081797e-35,1.7143207860127867,0.0,2.732546821081797e-35,50
6,6,True,rings_spatial_exact,1.7143207860127867,2.732546821081797e-35,1.7143207860127867,0.0,2.732546821081797e-35,51
6,6,True,rings_spatial_exact,1.7143207860127867,2.732546821081797e-35,1.7143207860127867,0.0,2.732546821081797e-35,52
6,6,True,rings_spatial_exact,1.7143207860127867,2.732546821081797e-35,1.7143207860127867,0.0,2.732546821081797e-35,53
6,6,True,rings_spatial_exact,1.7143207860127867,2.732546821081797e-35,1.7143207860127867,0.0,2.732546821081797e-35,54
6,6,True,rings_spatial_exact,1.7143207860127867,2.732546821081797e-35,1.7143207860127867,0.0,2.732546821081797e-35,55
6,6,True,rings_spatial_exact,1.7143207860127867,2.732546821081797e-35,1.7143207860127867,0.0,2.732546821081797e-35,56
6,6,True,rings_spatial_exact,1.7143207860127867,2.732546821081797e-35,1.7143207860127867,0.0,2.732546821081797e-35,57
6,6,True,rings_spatial_exact,1.7143207860127867,2.732546821081797e-35,1.7143207860127867,0.0,2.732546821081797e-35,58
6,6,True,rings_spatial_exact,1.7143207860127867,2.732546821081797e-35,1.7143207860127867,0.0,2.732546821081797e-35,59
6,6,True,rings_spatial_exact,1.7143207860127867,2.732546821081797e-35,1.7143207860127867,0.0,2.732546821081797e-35,60
6,6,True,rings_spatial_exact,1.7143207860127867,2.732546821081797e-35,1.7143207860127867,0.0,2.732546821081797e-35,61
6,6,True,rings_spatial_exact,1.7143207860127867,2.732546821081797e-35,1.7143207860127867,0.0,2.732546821081797e-35,62
6,6,True,rings_spatial_exact,1.7143207860127867,2.732546821081797e-35,1.7143207860127867,0.0,2.732546821081797e-35,63
6,6,True,rings_spatial_exact,1.7143207860127867,2.732546821081797e-35,1.7143207860127867,0.0,2.732546821081797e-35,64
6,6,True,rings_spatial_exact,1.7143207860127867,2.732546821081797e-35,1.7143207860127867,0.0,2.732546821081797e-35,65
6,6,True,rings_spatial_exact,1.7143207860127867,2.732546821081797e-35,1.7143207860127867,0.0,2.732546821081797e-35,66
6,6,True,rings_spatial_exact,1.7143207860127867,2.732546821081797e-35,1.7143207860127867,0.0,2.732546821081797e-35,67
6,6,True,rings_spatial_exact,1.7143207860127867,2.732546821081797e-35,1.7143207860127867,0.0,2.732546821081797e-35,68
6,6,True,rings_spatial_exact,1.7143207860127867,2.732546821081797e-35,1.7143207860127867,0.0,2.732546821081797e-35,69
6,6,True,rings_spatial_exact,1.7143207860127867,2.732546821081797e-35,1.7143207860127867,0.0,2.732546821081797e-35,70
6,6,True,rings_spatial_exact,1.7143207860127867,2.732546821081797e-35,1.7143207860127867,0.0,2.732546821081797e-35,71
6,6,True,rings_spatial_exact,1.7143207860127867,2.732546821081797e-35,1.7143207860127867,0.0,2.732546821081797e-35,72
6,6,True,rings_spatial_exact,1.7143207860127867,2.732546821081797e-35,1.7143207860127867,0.0,2.732546821081797e-35,73
6,6,True,rings_spatial_exact,1.7143207860127867,2.732546821081797e-35,1.7143207860127867,0.0,2.732546821081797e-35,74
6,6,True,rings_spatial_exact,1.7143207860127867,2.732546821081797e-35,1.7143207860127867,0.0,2.732546821081797e-35,75
6,6,True,rings_spatial_exact,1.7143207860127867,2.732546821081797e-35,1.7143207860127867,0.0,2.732546821081797e-35,76
6,6,True,rings_spatial_exact,1.7143207860127867,2.732546821081797e-35,1.7143207860127867,0.0,2.732546821081797e-35,77
6,6,True,rings_spatial_exact,1.7143207860127867,2.732546821081797e-35,1.7143207860127867,0.0,2.732546821081797e-35,78
6,6,True,rings_spatial_exact,1.7143207860127867,2.732546821081797e-35,1.7143207860127867,0.0,2.732546821081797e-35,79
6,6,True,rings_spatial_exact,1.7143207860127867,2.732546821081797e-35,1.7143207860127867,0.0,2.732546821081797e-35,80
6,6,True,rings_spatial_exact,1.7143207860127867,2.732546821081797e-35,1.7143207860127867,0.0,2.732546821081797e-35,81
6,6,True,rings_spatial_exact,1.7143207860127867,2.732546821081797e-35,1.7143207860127867,0.0,2.732546821081797e-35,82
6,6,True,rings_spatial_exact,1.7143207860127867,2.732546821081797e-35,1.7143207860127867,0.0,2.732546821081797e-35,83
6,6,True,rings_spatial_exact,1.7143207860127867,2.732546821081797e-35,1.7143207860127867,0.0,2.732546821081797e-35,84
6,6,True,rings_spatial_exact,1.7143207860127867,2.732546821081797e-35,1.7143207860127867,0.0,2.732546821081797e-35,85
6,6,True,rings_spatial_exact,1.7143207860127867,2.732546821081797e-35,1.7143207860127867,0.0,2.732546821081797e-35,86
6,6,True,rings_spatial_exact,1.7143207860127867,2.732546821081797e-35,1.7143207860127867,0.0,2.732546821081797e-35,87
6,6,True,rings_spatial_exact,1.7143207860127867,2.732546821081797e-35,1.7143207860127867,0.0,2.732546821081797e-35,88
6,6,True,rings_spatial_exact,1.7143207860127867,2.732546821081797e-35,1.7143207860127867,0.0,2.732546821081797e-35,89
6,6,True,rings_spatial_exact,1.7143207860127867,2.732546821081797e-35,1.7143207860127867,0.0,2.732546821081797e-35,90
6,6,True,rings_spatial_exact,1.7143207860127867,2.732546821081797e-35,1.7143207860127867,0.0,2.732546821081797e-35,91
6,6,True,rings_spatial_exact,1.7143207860127867,2.732546821081797e-35,1.7143207860127867,0.0,2.732546821081797e-35,92
6,6,True,rings_spatial_exact,1.7143207860127867,2.732546821081797e-35,1.7143207860127867,0.0,2.732546821081797e-35,93
6,6,True,rings_spatial_exact,1.7143207860127867,2.732546821081797e-35,1.7143207860127867,0.0,2.732546821081797e-35,94
6,6,True,rings_spatial_exact,1.7143207860127867,2.732546821081797e-35,1.7143207860127867,0.0,2.732546821081797e-35,95
6,6,True,rings_spatial_exact,1.7143207860127867,2.732546821081797e-35,1.7143207860127867,0.0,2.732546821081797e-35,96
6,6,True,rings_spatial_exact,1.7143207860127867,2.732546821081797e-35,1.7143207860127867,0.0,2.732546821081797e-35,97
6,6,True,rings_spatial_exact,1.7143207860127867,2.732546821081797e-35,1.7143207860127867,0.0,2.732546821081797e-35,98
6,6,True,rings_spatial_exact,1.7143207860127867,2.732546821081797e-35,1.7143207860127867,0.0,2.732546821081797e-35,99
6,6,True,rings_spatial_exact,1.7143207860127867,2.732546821081797e-35,1.7143207860127867,0.0,2.732546821081797e-35,100
6,6,True,rings_spatial_exact,1.7143207860127867,2.732546821081797e-35,1.7143207860127867,0.0,2.732546821081797e-35,101
6,6,True,rings_spatial_exact,1.7143207860127867,2.732546821081797e-35,1.7143207860127867,0.0,2.732546821081797e-35,102
6,6,True,rings_spatial_exact,1.7143207860127867,2.732546821081797e-35,1.7143207860127867,0.0,2.732546821081797e-35,103
6,6,True,rings_spatial_exact,1.7143207860127867,2.732546821081797e-35,1.7143207860127867,0.0,2.732546821081797e-35,104
6,6,True,rings_spatial_exact,1.7143207860127867,2.732546821081797e-35,1.7143207860127867,0.0,2.732546821081797e-35,105
6,6,True,rings_spatial_exact,1.7143207860127867,2.732546821081797e-35,1.7143207860127867,0.0,2.732546821081797e-35,106
6,6,True,rings_spatial_exact,1.7143207860127867,2.732546821081797e-35,1.7143207860127867,0.0,2.732546821081797e-35,107
6,6,True,rings_spatial_exact,1.7143207860127867,2.732546821081797e-35,1.7143207860127867,0.0,2.732546821081797e-35,108
6,6,True,rings_spatial_exact,1.7143207860127867,2.732546821081797e-35,1.7143207860127867,0.0,2.732546821081797e-35,109
6,6,True,rings_spatial_exact,1.7143207860127867,2.732546821081797e-35,1.7143207860127867,0.0,2.732546821081797e-35,110
6,6,True,rings_spatial_exact,1.7143207860127867,2.732546821081797e-35,1.7143207860127867,0.0,2.732546821081797e-35,111
6,6,True,rings_spatial_exact,1.7143207860127867,2.732546821081797e-35,1.7143207860127867,0.0,2.732546821081797e-35,112
6,6,True,rings_spatial_exact,1.7143207860127867,2.732546821081797e-35,1.7143207860127867,0.0,2.732546821081797e-35,113
6,6,True,rings_spatial_exact,1.7143207860127867,2.732546821081797e-35,1.7143207860127867,0.0,2.732546821081797e-35,114
6,6,True,rings_spatial_exact,1.7143207860127867,2.732546821081797e-35,1.7143207860127867,0.0,2.732546821081797e-35,115
6,6,True,rings_spatial_exact,1.7143207860127867,2.732546821081797e-35,1.7143207860127867,0.0,2.732546821081797e-35,116
6,6,True,rings_spatial_exact,1.7143207860127867,2.732546821081797e-35,1.7143207860127867,0.0,2.732546821081797e-35,117
6,6,True,rings_spatial_exact,1.7143207860127867,2.732546821081797e-35,1.7143207860127867,0.0,2.732546821081797e-35,118
6,6,True,rings_spatial_exact,1.7143207860127867,2.732546821081797e-35,1.7143207860127867,0.0,2.732546821081797e-35,119
6,6,True,rings_spatial_exact,1.7143207860127867,2.732546821081797e-35,1.7143207860127867,0.0,2.732546821081797e-35,120
6,6,True,rings_spatial_exact,1.7143207860127867,2.732546821081797e-35,1.7143207860127867,0.0,2.732546821081797e-35,121
6,6,True,rings_spatial_exact,1.7143207860127867,2.732546821081797e-35,1.7143207860127867,0.0,2.732546821081797e-35,122
6,6,True,rings_spatial_exact,1.7143207860127867,2.732546821081797e-35,1.7143207860127867,0.0,2.732546821081797e-35,123
6,6,True,rings_spatial_exact,1.7143207860127867,2.732546821081797e-35,1.7143207860127867,0.0,2.732546821081797e-35,124
6,6,True,rings_spatial_exact,1.7143207860127867,2.732546821081797e-35,1.7143207860127867,0.0,2.732546821081797e-35,125
6,6,True,rings_spatial_exact,1.7143207860127867,2.732546821081797e-35,1.7143207860127867,0.0,2.732546821081797e-35,126
6,6,True,rings_spatial_exact,1.7143207860127867,2.732546821081797e-35,1.7143207860127867,0.0,2.732546821081797e-35,127
6,6,True,rings_spatial_exact,1.7143207860127867,2.732546821081797e-35,1.7143207860127867,0.0,2.732546821081797e-35,128
6,6,True,rings_spatial_exact,1.7143207860127867,2.732546821081797e-35,1.7143207860127867,0.0,2.732546821081797e-35,129
6,6,True,rings_spatial_exact,1.7143207860127867,2.732546821081797e-35,1.7143207860127867,0.0,2.732546821081797e-35,130
6,6,True,rings_spatial_exact,1.7143207860127867,2.732546821081797e-35,1.7143207860127867,0.0,2.732546821081797e-35,131
6,6,True,rings_spatial_exact,1.7143207860127867,2.732546821081797e-35,1.7143207860127867,0.0,2.732546821081797e-35,132
6,6,True,rings_spatial_exact,1.7143207860127867,2.732546821081797e-35,1.7143207860127867,0.0,2.732546821081797e-35,133
6,6,True,rings_spatial_exact,1.7143207860127867,2.732546821081797e-35,1.7143207860127867,0.0,2.732546821081797e-35,134
6,6,True,rings_spatial_exact,1.7143207860127867,2.732546821081797e-35,1.7143207860127867,0.0,2.732546821081797e-35,135
6,6,True,rings_spatial_exact,1.7143207860127867,2.732546821081797e-35,1.7143207860127867,0.0,2.732546821081797e-35,136
6,6,True,rings_spatial_exact,1.7143207860127867,2.732546821081797e-35,1.7143207860127867,0.0,2.732546821081797e-35,137
6,6,True,rings_spatial_exact,1.7143207860127867,2.732546821081797e-35,1.7143207860127867,0.0,2.732546821081797e-35,138
6,6,True,rings_spatial_exact,1.7143207860127867,2.732546821081797e-35,1.7143207860127867,0.0,2.732546821081797e-35,139
6,6,True,rings_spatial_exact,1.7143207860127867,2.732546821081797e-35,1.7143207860127867,0.0,2.732546821081797e-35,140
6,6,True,rings_spatial_exact,1.7143207860127867,2.732546821081797e-35,1.7143207860127867,0.0,2.732546821081797e-35,141
6,6,True,rings_spatial_exact,1.7143207860127867,2.732546821081797e-35,1.7143207860127867,0.0,2.732546821081797e-35,142
6,6,True,rings_spatial_exact,1.7143207860127867,2.732546821081797e-35,1.7143207860127867,0.0,2.732546821081797e-35,143
6,6,True,rings_spatial_exact,1.7143207860127867,2.732546821081797e-35,1.7143207860127867,0.0,2.732546821081797e-35,144
6,6,True,rings_spatial_exact,1.7143207860127867,2.732546821081797e-35,1.7143207860127867,0.0,2.732546821081797e-35,145
6,6,True,rings_spatial_exact,1.7143207860127867,2.732546821081797e-35,1.7143207860127867,0.0,2.732546821081797e-35,146
6,6,True,rings_spatial_exact,1.7143207860127867,2.732546821081797e-35,1.7143207860127867,0.0,2.732546821081797e-35,147
6,6,True,rings_spatial_exact,1.7143207860127867,2.732546821081797e-35,1.7143207860127867,0.0,2.732546821081797e-35,148
6,6,True,rings_spatial_exact,1.7143207860127867,2.732546821081797e-35,1.7143207860127867,0.0,2.732546821081797e-35,149
6,6,True,rings_spatial_exact,1.7143207860127867,2.732546821081797e-35,1.7143207860127867,0.0,2.732546821081797e-35,150
6,6,True,rings_spatial_exact,1.7143207860127867,2.732546821081797e-35,1.7143207860127867,0.0,2.732546821081797e-35,151
6,6,True,rings_spatial_exact,1.7143207860127867,2.732546821081797e-35,1.7143207860127867,0.0,2.732546821081797e-35,152
6,6,True,rings_spatial_exact,1.7143207860127867,2.732546821081797e-35,1.7143207860127867,0.0,2.732546821081797e-35,153
6,6,True,rings_spatial_exact,1.7143207860127867,2.732546821081797e-35,1.7143207860127867,0.0,2.732546821081797e-35,154
6,6,True,rings_spatial_exact,1.7143207860127867,2.732546821081797e-35,1.7143207860127867,0.0,2.732546821081797e-35,155
6,6,True,rings_spatial_exact,1.7143207860127867,2.732546821081797e-35,1.7143207860127867,0.0,2.732546821081797e-35,156
6,6,True,rings_spatial_exact,1.7143207860127867,2.732546821081797e-35,1.7143207860127867,0.0,2.732546821081797e-35,157
6,6,True,rings_spatial_exact,1.7143207860127867,2.732546821081797e-35,1.7143207860127867,0.0,2.732546821081797e-35,158
6,6,True,rings_spatial_exact,1.7143207860127867,2.732546821081797e-35,1.7143207860127867,0.0,2.732546821081797e-35,159
6,6,True,rings_spatial_exact,1.7143207860127867,2.732546821081797e-35,1.7143207860127867,0.0,2.732546821081797e-35,160
6,6,True,rings_spatial_exact,1.7143207860127867,2.732546821081797e-35,1.7143207860127867,0.0,2.732546821081797e-35,161
6,6,True,rings_spatial_exact,1.7143207860127867,2.732546821081797e-35,1.7143207860127867,0.0,2.732546821081797e-35,162
6,6,True,rings_spatial_exact,1.7143207860127867,2.732546821081797e-35,1.7143207860127867,0.0,2.732546821081797e-35,163
6,6,True,rings_spatial_exact,1.7143207860127867,2.732546821081797e-35,1.7143207860127867,0.0,2.732546821081797e-35,164
6,6,True,rings_spatial_exact,1.7143207860127867,2.732546821081797e-35,1.7143207860127867,0.0,2.732546821081797e-35,165
6,6,True,rings_spatial_exact,1.7143207860127867,2.732546821081797e-35,1.7143207860127867,0.0,2.732546821081797e-35,166
6,6,True,rings_spatial_exact,1.7143207860127867,2.732546821081797e-35,1.7143207860127867,0.0,2.732546821081797e-35,167
6,6,True,rings_spatial_exact,1.7143207860127867,2.732546821081797e-35,1.7143207860127867,0.0,2.732546821081797e-35,168
6,6,True,rings_spatial_exact,1.7143207860127867,2.732546821081797e-35,1.7143207860127867,0.0,2.732546821081797e-35,169
6,6,True,rings_spatial_exact,1.7143207860127867,2.732546821081797e-35,1.7143207860127867,0.0,2.732546821081797e-35,170
6,6,True,rings_spatial_exact,1.7143207860127867,2.732546821081797e-35,1.7143207860127867,0.0,2.732546821081797e-35,171
6,6,True,rings_spatial_exact,1.7143207860127867,2.732546821081797e-35,1.7143207860127867,0.0,2.732546821081797e-35,172
6,6,True,rings_spatial_exact,1.7143207860127867,2.732546821081797e-35,1.7143207860127867,0.0,2.732546821081797e-35,173
6,6,True,rings_spatial_exact,1.7143207860127867,2.732546821081797e-35,1.7143207860127867,0.0,2.732546821081797e-35,174
6,6,True,rings_spatial_exact,1.7143207860127867,2.732546821081797e-35,1.7143207860127867,0.0,2.732546821081797e-35,175
6,6,True,rings_spatial_exact,1.7143207860127867,2.732546821081797e-35,1.7143207860127867,0.0,2.732546821081797e-35,176
6,6,True,rings_spatial_exact,1.7143207860127867,2.732546821081797e-35,1.7143207860127867,0.0,2.732546821081797e-35,177
6,6,True,rings_spatial_exact,1.7143207860127867,2.732546821081797e-35,1.7143207860127867,0.0,2.732546821081797e-35,178
6,6,True,rings_spatial_exact,1.7143207860127867,2.732546821081797e-35,1.7143207860127867,0.0,2.732546821081797e-35,179
6,6,True,rings_spatial_exact,1.7143207860127867,2.732546821081797e-35,1.7143207860127867,0.0,2.732546821081797e-35,180
6,6,True,rings_spatial_exact,1.7143207860127867,2.732546821081797e-35,1.7143207860127867,0.0,2.732546821081797e-35,181
6,6,True,rings_spatial_exact,1.7143207860127867,2.732546821081797e-35,1.7143207860127867,0.0,2.732546821081797e-35,182
6,6,True,rings_spatial_exact,1.7143207860127867,2.732546821081797e-35,1.7143207860127867,0.0,2.732546821081797e-35,183
6,6,True,rings_spatial_exact,1.7143207860127867,2.732546821081797e-35,1.7143207860127867,0.0,2.732546821081797e-35,184
6,6,True,rings_spatial_exact,1.7143207860127867,2.732546821081797e-35,1.7143207860127867,0.0,2.732546821081797e-35,185
6,6,True,rings_spatial_exact,1.7143207860127867,2.732546821081797e-35,1.7143207860127867,0.0,2.732546821081797e-35,186
6,6,True,rings_spatial_exact,1.7143207860127867,2.732546821081797e-35,1.7143207860127867,0.0,2.732546821081797e-35,187
6,6,True,rings_spatial_exact,1.7143207860127867,2.732546821081797e-35,1.7143207860127867,0.0,2.732546821081797e-35,188
6,6,True,rings_spatial_exact,1.7143207860127867,2.732546821081797e-35,1.7143207860127867,0.0,2.732546821081797e-35,189
6,6,True,rings_spatial_exact,1.7143207860127867,2.732546821081797e-35,1.7143207860127867,0.0,2.732546821081797e-35,190
6,6,True,rings_spatial_exact,1.7143207860127867,2.732546821081797e-35,1.7143207860127867,0.0,2.732546821081797e-35,191
6,6,True,rings_spatial_exact,1.7143207860127867,2.732546821081797e-35,1.7143207860127867,0.0,2.732546821081797e-35,192
6,6,True,rings_spatial_exact,1.7143207860127867,2.732546821081797e-35,1.7143207860127867,0.0,2.732546821081797e-35,193
6,6,True,rings_spatial_exact,1.7143207860127867,2.732546821081797e-35,1.7143207860127867,0.0,2.732546821081797e-35,194
6,6,True,rings_spatial_exact,1.7143207860127867,2.732546821081797e-35,1.7143207860127867,0.0,2.732546821081797e-35,195
6,6,True,rings_spatial_exact,1.7143207860127867,2.732546821081797e-35,1.7143207860127867,0.0,2.732546821081797e-35,196
6,6,True,rings_spatial_exact,1.7143207860127867,2.732546821081797e-35,1.7143207860127867,0.0,2.732546821081797e-35,197
6,6,True,rings_spatial_exact,1.7143207860127867,2.732546821081797e-35,1.7143207860127867,0.0,2.732546821081797e-35,198
6,6,True,rings_spatial_exact,1.7143207860127867,2.732546821081797e-35,1.7143207860127867,0.0,2.732546821081797e-35,199
1,8,True,rings_spatial_exact,0.0055237547707225705,0.006450334523772709,0.04343880403995237,1.3745981735551263e-05,0.00646408050550826,0
1,8,True,rings_spatial_exact,0.0055237547707225705,0.006450334523772709,0.07705414012479872,1.0763933233266278e-05,0.006461098457005975,1
1,8,True,rings_spatial_exact,0.0055237547707225705,0.006450334523772709,0.13508132065845233,1.0895898889345251e-05,0.006461230422662054,2
1,8,True,rings_spatial_exact,0.0055237547707225705,0.006450334523772709,0.0781450736471562,1.5680264354065235e-05,0.006466014788126774,3
1,8,True,rings_spatial_exact,0.0055237547707225705,0.006450334523772709,0.061460820781727744,1.5679484483784034e-05,0.006466014008256493,4
1,8,True,rings_spatial_exact,0.0055237547707225705,0.006450334523772709,0.1510027408828298,1.5678519230288845e-05,0.0064660130430029975,5
1,8,True,rings_spatial_exact,0.0055237547707225705,0.006450334523772709,0.23604330269982016,1.5568063185734948e-05,0.006465902586958444,6
1,8,True,rings_spatial_exact,0.0055237547707225705,0.006450334523772709,0.001986100657806886,1.568008226572864e-05,0.006466014606038437,7
1,8,True,rings_spatial_exact,0.0055237547707225705,0.006450334523772709,0.008227190632609118,1.5643308208222045e-05,0.006465977831980931,8
1,8,True,rings_spatial_exact,0.0055237547707225705,0.006450334523772709,0.1356252873696581,1.568038261084894e-05,0.006466014906383558,9
1,8,True,rings_spatial_exact,0.0055237547707225705,0.006450334523772709,0.08115136165346389,1.0536453331940789e-05,0.006460870977104649,10
1,8,True,rings_spatial_exact,0.0055237547707225705,0.006450334523772709,0.18066105240054317,6.937523227197075e-06,0.006457272046999906,11
1,8,True,rings_spatial_exact,0.0055237547707225705,0.006450334523772709,0.2692486047191373,-0.0021337320937129273,0.004316602430059781,12
1,8,True,rings_spatial_exact,0.0055237547707225705,0.006450334523772709,0.010089539863547083,1.5643976275120722e-05,0.006465978500047829,13
1,8,True,rings_spatial_exact,0.0055237547707225705,0.006450334523772709,0.06128765212880704,2.6430642415895683e-06,0.006452977588014298,14
1,8,True,rings_spatial_exact,0.0055237547707225705,0.006450334523772709,0.00947979982037935,1.2912256255623832e-05,0.0064632467800283325,15
1,8,True,rings_spatial_exact,0.0055237547707225705,0.006450334523772709,0.6089397436206139,-0.0012535133002250136,0.005196821223547695,16
1,8,True,rings_spatial_exact,0.0055237547707225705,0.006450334523772709,0.386093681805324,-0.0013934237254338948,0.005056910798338814,17
1,8,True,rings_spatial_exact,0.0055237547707225705,0.006450334523772709,0.042298504499680215,1.5680297416278792e-05,0.006466014821188987,18
1,8,True,rings_spatial_exact,0.0055237547707225705,0.006450334523772709,0.26028961880908275,1.3769718911496587e-05,0.006464104242684205,19
1,8,True,rings_spatial_exact,0.0055237547707225705,0.006450334523772709,0.06740555874348561,-0.00012899038265429177,0.006321344141118417,20
1,8,True,rings_spatial_exact,0.0055237547707225705,0.006450334523772709,0.008869286368343901,1.5672731990021976e-05,0.006466007255762731,21
1,8,True,rings_spatial_exact,0.0055237547707225705,0.006450334523772709,0.07050802762090783,1.567115222452474e-05,0.006466005675997233,22
1,8,True,rings_spatial_exact,0.0055237547707225705,0.006450334523772709,0.13784124852158453,1.5676078010944117e-05,0.006466010601783653,23
1,8,True,rings_spatial_exact,0.0055237547707225705,0.006450334523772709,0.5788646745540864,1.5676079722626128e-05,0.006466010603495335,24
1,8,True,rings_spatial_exact,0.0055237547707225705,0.006450334523772709,0.08326205579161558,1.0982862276888439e-05,0.006461317386049597,25
1,8,True,rings_spatial_exact,0.0055237547707225705,0.006450334523772709,0.008450466945797612,-9.582811020094478e-05,0.006354506413571764,26
1,8,True,rings_spatial_exact,0.0055237547707225705,0.006450334523772709,0.002509452931902277,1.079105056965221e-05,0.006461125574342361,27
1,8,True,rings_spatial_exact,0.0055237547707225705,0.006450334523772709,0.013243565809042701,8.01719216740951e-06,0.006458351715940118,28
1,8,True,rings_spatial_exact,0.0055237547707225705,0.006450334523772709,0.10331865948276034,1.5680365585049767e-05,0.006466014889357758,29
1,8,True,rings_spatial_exact,0.0055237547707225705,0.006450334523772709,0.00470316261027012,1.5632854324048803e-05,0.0064659673780967574,30
1,8,True,rings_spatial_exact,0.0055237547707225705,0.006450334523772709,0.26912402858314627,-0.002132604438010691,0.004317730085762018,31
1,8,True,rings_spatial_exact,0.0055237547707225705,0.006450334523772709,0.018828102483505568,1.5680382803670394e-05,0.006466014906576379,32
1,8,True,rings_spatial_exact,0.0055237547707225705,0.006450334523772709,0.003987333387793629,1.0760184881393464e-05,0.006461094708654102,33
1,8,True,rings_spatial_exact,0.0055237547707225705,0.006450334523772709,0.13425331145855582,1.5678030922349623e-05,0.006466012554695058,34
1,8,True,rings_spatial_exact,0.0055237547707225705,0.006450334523772709,0.004058919306482555,-0.00012533696119536655,0.006324997562577342,35
1,8,True,rings_spatial_exact,0.0055237547707225705,0.006450334523772709,0.10043552220950856,1.5679367042217146e-05,0.006466013890814926,36
1,8,True,rings_spatial_exact,0.0055237547707225705,0.006450334523772709,0.010921027074444983,1.0898221855305465e-05,0.006461232745628014,37
1,8,True,rings_spatial_exact,0.0055237547707225705,0.006450334523772709,0.07079380587600509,1.4552449687469694e-05,0.006464886973460178,38
1,8,True,rings_spatial_exact,0.0055237547707225705,0.006450334523772709,0.22360907128282256,-0.002291478590543158,0.00415885593322955,39
1,8,True,rings_spatial_exact,0.0055237547707225705,0.006450334523772709,0.17851147781172458,6.979502732773653e-06,0.006457314026505482,40
1,8,True,rings_spatial_exact,0.0055237547707225705,0.006450334523772709,0.07769365070210199,-0.00017539783012062923,0.006274936693652079,41
1,8,True,rings_spatial_exact,0.0055237547707225705,0.006450334523772709,0.019323248246164104,1.567179032954582e-05,0.0064660063141022545,42
1,8,True,rings_spatial_exact,0.0055237547707225705,0.006450334523772709,0.047798127577652866,1.5658286510887055e-05,0.006465992810283596,43
1,8,True,rings_spatial_exact,0.0055237547707225705,0.006450334523772709,0.0099427643352619,1.5635921963190642e-05,0.006465970445735899,44
1,8,True,rings_spatial_exact,0.0055237547707225705,0.006450334523772709,0.17952371678608398,1.5677937758456356e-05,0.006466012461531165,45
1,8,True,rings_spatial_exact,0.0055237547707225705,0.006450334523772709,0.0010480929492411477,-9.579299932437665e-05,0.006354541524448332,46
1,8,True,rings_spatial_exact,0.0055237547707225705,0.006450334523772709,0.013850087608771095,1.5658957299560794e-05,0.0064659934810722694,47
1,8,True,rings_spatial_exact,0.0055237547707225705,0.006450334523772709,0.045827269175151876,1.5673805522987624e-05,0.006466008329295696,48
1,8,True,rings_spatial_exact,0.0055237547707225705,0.006450334523772709,0.14285324812619188,7.24914491005875e-06,0.006457583668682767,49
1,8,True,rings_spatial_exact,0.0055237547707225705,0.006450334523772709,0.009865744735846255,-0.00010070624353299921,0.006349628280239709,50
1,8,True,rings_spatial_exact,0.0055237547707225705,0.006450334523772709,0.0019243870163289174,1.556830204092665e-05,0.006465902825813635,51
1,8,True,rings_spatial_exact,0.0055237547707225705,0.006450334523772709,0.10390316783884679,1.5679732140788313e-05,0.006466014255913497,52
1,8,True,rings_spatial_exact,0.0055237547707225705,0.006450334523772709,0.16265918781575806,1.5622996788093764e-05,0.006465957520560802,53
1,8,True,rings_spatial_exact,0.0055237547707225705,0.006450334523772709,0.012519109923405401,1.293363930267473e-05,0.006463268163075383,54
1,8,True,rings_spatial_exact,0.0055237547707225705,0.006450334523772709,0.10275894124023154,1.2896771268548247e-05,0.006463231295041257,55
1,8,True,rings_spatial_exact,0.0055237547707225705,0.006450334523772709,0.010719146549858938,1.374597337011705e-05,0.006464080497142826,56
1,8,True,rings_spatial_exact,0.0055237547707225705,0.006450334523772709,0.26565973287377326,-0.0021327521230461383,0.00431758240072657,57
1,8,True,rings_spatial_exact,0.0055237547707225705,0.006450334523772709,0.44482728816378325,-0.0012535126492171037,0.005196821874555605,58
1,8,True,rings_spatial_exact,0.0055237547707225705,0.006450334523772709,0.010678035461941165,1.5524233242352782e-05,0.006465858757015061,59
1,8,True,rings_spatial_exact,0.0055237547707225705,0.006450334523772709,0.006222918885731196,1.5660201871627727e-05,0.006465994725644336,60
1,8,True,rings_spatial_exact,0.0055237547707225705,0.006450334523772709,0.28576039802877234,1.56802786560337e-05,0.006466014802428742,61
1,8,True,rings_spatial_exact,0.0055237547707225705,0.006450334523772709,0.3815152331983462,-0.001253549490841067,0.0051967850329316416,62
1,8,True,rings_spatial_exact,0.0055237547707225705,0.006450334523772709,0.1490825869064371,1.567522396226685e-05,0.0064660097477349755,63
1,8,True,rings_spatial_exact,0.0055237547707225705,0.006450334523772709,0.3045890350959561,-0.0021337322693308807,0.004316602254441828,64
1,8,True,rings_spatial_exact,0.0055237547707225705,0.006450334523772709,0.005785973464688175,1.5621258417892504e-05,0.006465955782190601,65
1,8,True,rings_spatial_exact,0.0055237547707225705,0.006450334523772709,0.007779143911960453,1.5414141323911827e-05,0.0064657486650966205,66
1,8,True,rings_spatial_exact,0.0055237547707225705,0.006450334523772709,0.051681925586531764,-0.00018699426800794505,0.006263340255764764,67
1,8,True,rings_spatial_exact,0.0055237547707225705,0.006450334523772709,0.07989940820642925,1.5678731830543087e-05,0.006466013255603252,68
1,8,True,rings_spatial_exact,0.0055237547707225705,0.006450334523772709,0.050794555605687665,1.5680341003035392e-05,0.006466014864775744,69
1,8,True,rings_spatial_exact,0.0055237547707225705,0.006450334523772709,0.0035667512163956583,6.984585192978954e-06,0.006457319108965688,70
1,8,True,rings_spatial_exact,0.0055237547707225705,0.006450334523772709,0.07485857982981446,1.5678956504615836e-05,0.0064660134802773245,71
1,8,True,rings_spatial_exact,0.0055237547707225705,0.006450334523772709,0.0036128791317983906,1.4525372408875914e-05,0.0064648598961815846,72
1,8,True,rings_spatial_exact,0.0055237547707225705,0.006450334523772709,0.004868080077277599,6.985361118418305e-06,0.006457319884891127,73
1,8,True,rings_spatial_exact,0.0055237547707225705,0.006450334523772709,0.06425417338313967,1.56803015530357e-05,0.006466014825325744,74
1,8,True,rings_spatial_exact,0.0055237547707225705,0.006450334523772709,0.06745883681535506,1.568034332079249e-05,0.006466014867093501,75
1,8,True,rings_spatial_exact,0.0055237547707225705,0.006450334523772709,0.02748302032215419,1.5641005406599046e-05,0.006465975529179308,76
1,8,True,rings_spatial_exact,0.0055237547707225705,0.006450334523772709,0.058539153935815935,-9.581485537645072e-05,0.006354519668396258,77
1,8,True,rings_spatial_exact,0.0055237547707225705,0.006450334523772709,0.24415650901533076,1.5677995802845096e-05,0.006466012519575554,78
1,8,True,rings_spatial_exact,0.0055237547707225705,0.006450334523772709,0.004666533797437233,-0.00022116457107197209,0.0062291699527007366,79
1,8,True,rings_spatial_exact,0.0055237547707225705,0.006450334523772709,0.0018227106792407294,-0.00022776984793087575,0.006222564675841833,80
1,8,True,rings_spatial_exact,0.0055237547707225705,0.006450334523772709,0.13606407893978795,-0.000221185800504029,0.00622914872326868,81
1,8,True,rings_spatial_exact,0.0055237547707225705,0.006450334523772709,0.07653952307784305,1.293342034339607e-05,0.006463267944116105,82
1,8,True,rings_spatial_exact,0.0055237547707225705,0.006450334523772709,0.6121132525450947,-9.580838963843801e-05,0.006354526134134271,83
1,8,True,rings_spatial_exact,0.0055237547707225705,0.006450334523772709,0.2526455810805245,1.564123619816893e-05,0.006465975759970878,84
1,8,True,rings_spatial_exact,0.0055237547707225705,0.006450334523772709,0.1711129759991617,1.2958395610574228e-05,0.006463292919383283,85
1,8,True,rings_spatial_exact,0.0055237547707225705,0.006450334523772709,0.06809070285545743,1.5152589967701476e-05,0.00646548711374041,86
1,8,True,rings_spatial_exact,0.0055237547707225705,0.006450334523772709,0.002144170652292051,1.3728142389252476e-05,0.006464062666161961,87
1,8,True,rings_spatial_exact,0.0055237547707225705,0.006450334523772709,0.00843729214123544,1.2958958768167703e-05,0.006463293482540876,88
1,8,True,rings_spatial_exact,0.0055237547707225705,0.006450334523772709,0.02391835620999807,1.4551269566513876e-05,0.0064648857933392225,89
1,8,True,rings_spatial_exact,0.0055237547707225705,0.006450334523772709,0.11695203916264044,1.56803806091229e-05,0.0064660149043818315,90
1,8,True,rings_spatial_exact,0.0055237547707225705,0.006450334523772709,0.005245647165315094,1.5679984802523597e-05,0.006466014508575232,91
1,8,True,rings_spatial_exact,0.0055237547707225705,0.006450334523772709,0.018029492324959033,1.5665840237924153e-05,0.006466000364010633,92
1,8,True,rings_spatial_exact,0.0055237547707225705,0.006450334523772709,0.06980165025143369,1.0897511946081177e-05,0.00646123203571879,93
1,8,True,rings_spatial_exact,0.0055237547707225705,0.006450334523772709,0.07946086373531044,1.566804830333609e-05,0.006466002572076045,94
1,8,True,rings_spatial_exact,0.0055237547707225705,0.006450334523772709,0.17284803566264326,1.5655193753881698e-05,0.00646598971752659,95
1,8,True,rings_spatial_exact,0.0055237547707225705,0.006450334523772709,0.0026816421801794544,-9.579273260561932e-05,0.006354541791167089,96
1,8,True,rings_spatial_exact,0.0055237547707225705,0.006450334523772709,0.3095018750902929,-0.0022914761216296714,0.004158858402143037,97
1,8,True,rings_spatial_exact,0.0055237547707225705,0.006450334523772709,0.21191943208945088,-0.0022915184832272553,0.004158816040545453,98
1,8,True,rings_spatial_exact,0.0055237547707225705,0.006450334523772709,0.4466735235540601,-0.0012535317710294265,0.005196802752743282,99
1,8,True,rings_spatial_exact,0.0055237547707225705,0.006450334523772709,0.08135526551052362,-0.00018750365753999673,0.006262830866232712,100
1,8,True,rings_spatial_exact,0.0055237547707225705,0.006450334523772709,0.6694802981901457,7.21909659753741e-06,0.006457553620370246,101
1,8,True,rings_spatial_exact,0.0055237547707225705,0.006450334523772709,0.02661291102341889,1.4565731629349356e-05,0.006464900255402058,102
1,8,True,rings_spatial_exact,0.0055237547707225705,0.006450334523772709,0.1311094012216195,1.515317579161516e-05,0.006465487699564324,103
1,8,True,rings_spatial_exact,0.0055237547707225705,0.006450334523772709,0.009178828451449614,-0.00017676392468373315,0.0062735705990889755,104
1,8,True,rings_spatial_exact,0.0055237547707225705,0.006450334523772709,0.00449216728616045,1.5680175617204493e-05,0.006466014699389913,105
1,8,True,rings_spatial_exact,0.0055237547707225705,0.006450334523772709,0.20079154015846656,-0.00017562484755806983,0.006274709676214639,106
1,8,True,rings_spatial_exact,0.0055237547707225705,0.006450334523772709,0.10451845887435211,1.5680171880969214e-05,0.006466014695653678,107
1,8,True,rings_spatial_exact,0.0055237547707225705,0.006450334523772709,0.006022812684498967,-0.00022307515045892883,0.00622725937331378,108
1,8,True,rings_spatial_exact,0.0055237547707225705,0.006450334523772709,0.09671857593347476,1.5660605670228187e-05,0.006465995129442937,109
1,8,True,rings_spatial_exact,0.0055237547707225705,0.006450334523772709,0.07793925394919642,1.5643321647340787e-05,0.006465977845420049,110
1,8,True,rings_spatial_exact,0.0055237547707225705,0.006450334523772709,0.00844138380556123,1.5257102366997115e-05,0.006465591626139706,111
1,8,True,rings_spatial_exact,0.0055237547707225705,0.006450334523772709,0.006763534716848269,1.3747452372645137e-05,0.006464081976145354,112
1,8,True,rings_spatial_exact,0.0055237547707225705,0.006450334523772709,0.015269100326202502,1.1059225561980447e-05,0.006461393749334689,113
1,8,True,rings_spatial_exact,0.0055237547707225705,0.006450334523772709,0.1120118860042823,1.5680349782091e-05,0.0064660148735548,114
1,8,True,rings_spatial_exact,0.0055237547707225705,0.006450334523772709,0.08232294155044255,1.0763918201787612e-05,0.006461098441974496,115
1,8,True,rings_spatial_exact,0.0055237547707225705,0.006450334523772709,0.1387709674971786,1.4982731799129297e-05,0.006465317255571838,116
1,8,True,rings_spatial_exact,0.0055237547707225705,0.006450334523772709,0.051500724020671275,1.4560586906315481e-05,0.006464895110679024,117
1,8,True,rings_spatial_exact,0.0055237547707225705,0.006450334523772709,0.006008455397394397,1.5677371748610593e-05,0.006466011895521319,118
1,8,True,rings_spatial_exact,0.0055237547707225705,0.006450334523772709,0.08838191639576853,1.565838295305641e-05,0.006465992906725765,119
1,8,True,rings_spatial_exact,0.0055237547707225705,0.006450334523772709,0.006710607386863003,1.5669253976858914e-05,0.0064660037777495676,120
1,8,True,rings_spatial_exact,0.0055237547707225705,0.006450334523772709,0.0076109932880626075,1.4566438890068097e-05,0.006464900962662777,121
1,8,True,rings_spatial_exact,0.0055237547707225705,0.006450334523772709,0.0075184439372740445,-9.581034900583898e-05,0.00635452417476687,122
1,8,True,rings_spatial_exact,0.0055237547707225705,0.006450334523772709,0.010731516525735722,1.253135052122021e-05,0.006462865874293929,123
1,8,True,rings_spatial_exact,0.0055237547707225705,0.006450334523772709,0.03515044889790266,1.5168316817589823e-05,0.0064655028405902985,124
1,8,True,rings_spatial_exact,0.0055237547707225705,0.006450334523772709,0.011354435612276658,1.5659397970692324e-05,0.006465993921743401,125
1,8,True,rings_spatial_exact,0.0055237547707225705,0.006450334523772709,0.2091666294296761,-0.002132605341195552,0.004317729182577157,126
1,8,True,rings_spatial_exact,0.0055237547707225705,0.006450334523772709,0.13930501480391627,1.5450713467190028e-05,0.006465785237239899,127
1,8,True,rings_spatial_exact,0.0055237547707225705,0.006450334523772709,0.15871306215294004,1.2961388348310676e-05,0.006463295912121019,128
1,8,True,rings_spatial_exact,0.0055237547707225705,0.006450334523772709,0.15064859101262945,1.5116331963012548e-05,0.006465450855735721,129
1,8,True,rings_spatial_exact,0.0055237547707225705,0.006450334523772709,0.045450006794835865,4.085257402630486e-06,0.006454419781175339,130
1,8,True,rings_spatial_exact,0.0055237547707225705,0.006450334523772709,0.24036425156268343,-0.0001242083243304104,0.006326126199442298,131
1,8,True,rings_spatial_exact,0.0055237547707225705,0.006450334523772709,0.022262591507514657,1.5672714636164042e-05,0.006466007238408873,132
1,8,True,rings_spatial_exact,0.0055237547707225705,0.006450334523772709,0.04967333674499148,1.5678428974851173e-05,0.00646601295274756,133
1,8,True,rings_spatial_exact,0.0055237547707225705,0.006450334523772709,0.615367990507017,1.5670135354617018e-05,0.006466004659127326,134
1,8,True,rings_spatial_exact,0.0055237547707225705,0.006450334523772709,0.20653271334925472,1.5680201815417363e-05,0.006466014725588126,135
1,8,True,rings_spatial_exact,0.0055237547707225705,0.006450334523772709,0.03193968622435113,-0.00017540526886133338,0.006274929254911375,136
1,8,True,rings_spatial_exact,0.0055237547707225705,0.006450334523772709,0.010000160017091232,1.5641165050891623e-05,0.0064659756888236,137
1,8,True,rings_spatial_exact,0.0055237547707225705,0.006450334523772709,0.3915455193098979,-0.001253513570548666,0.005196820953224043,138
1,8,True,rings_spatial_exact,0.0055237547707225705,0.006450334523772709,0.559196401700963,1.568005291067813e-05,0.006466014576683387,139
1,8,True,rings_spatial_exact,0.0055237547707225705,0.006450334523772709,0.004038650672511591,1.5643492790006798e-05,0.0064659780165627154,140
1,8,True,rings_spatial_exact,0.0055237547707225705,0.006450334523772709,0.0033683377190326866,1.0461647954445978e-05,0.006460796171727155,141
1,8,True,rings_spatial_exact,0.0055237547707225705,0.006450334523772709,0.1586352457112378,1.5279393693692217e-05,0.006465613917466401,142
1,8,True,rings_spatial_exact,0.0055237547707225705,0.006450334523772709,0.013953514452789884,1.567778662423403e-05,0.006466012310396943,143
1,8,True,rings_spatial_exact,0.0055237547707225705,0.006450334523772709,0.005001381826343747,1.5670005652101797e-05,0.0064660045294248104,144
1,8,True,rings_spatial_exact,0.0055237547707225705,0.006450334523772709,0.1665534334889105,1.567911012615407e-05,0.006466013633898863,145
1,8,True,rings_spatial_exact,0.0055237547707225705,0.006450334523772709,0.15541366025141468,1.556870505617456e-05,0.006465903228828883,146
1,8,True,rings_spatial_exact,0.0055237547707225705,0.006450334523772709,0.05891002103457354,4.056860366046314e-06,0.006454391384138755,147
1,8,True,rings_spatial_exact,0.0055237547707225705,0.006450334523772709,0.00574618241641731,-9.590966155546832e-05,0.00635442486221724,148
1,8,True,rings_spatial_exact,0.0055237547707225705,0.006450334523772709,0.0047147967679677,1.0890908629834078e-05,0.006461225432402543,149
1,8,True,rings_spatial_exact,0.0055237547707225705,0.006450334523772709,0.006928725076441861,1.566562315459194e-05,0.006466000146927301,150
1,8,True,rings_spatial_exact,0.0055237547707225705,0.006450334523772709,0.0846139783250211,7.252649878224278e-06,0.006457587173650933,151
1,8,True,rings_spatial_exact,0.0055237547707225705,0.006450334523772709,0.1833558482260929,2.4696632903997706e-06,0.006452804187063108,152
1,8,True,rings_spatial_exact,0.0055237547707225705,0.006450334523772709,0.1981069594561625,1.4327633745415264e-05,0.006464662157518124,153
1,8,True,rings_spatial_exact,0.0055237547707225705,0.006450334523772709,0.4426783951147835,-0.0012535135542559419,0.005196820969516767,154
1,8,True,rings_spatial_exact,0.0055237547707225705,0.006450334523772709,0.010072997426121956,1.454423636457463e-05,0.006464878760137283,155
1,8,True,rings_spatial_exact,0.0055237547707225705,0.006450334523772709,0.4136739449381709,-0.004444362712406421,0.0020059718113662884,156
1,8,True,rings_spatial_exact,0.0055237547707225705,0.006450334523772709,0.008963732361122473,-0.0002259472670590179,0.006224387256713691,157
1,8,True,rings_spatial_exact,0.0055237547707225705,0.006450334523772709,0.10807093876062149,1.5678543653765108e-05,0.006466013067426474,158
1,8,True,rings_spatial_exact,0.0055237547707225705,0.006450334523772709,0.00841291856393396,1.567820951064655e-05,0.006466012733283355,159
1,8,True,rings_spatial_exact,0.0055237547707225705,0.006450334523772709,0.10883665510175052,-0.00010421973956422498,0.006346114784208484,160
1,8,True,rings_spatial_exact,0.0055237547707225705,0.006450334523772709,0.015598332089840176,1.0898465217646161e-05,0.006461232988990355,161
1,8,True,rings_spatial_exact,0.0055237547707225705,0.006450334523772709,0.10234711690955198,1.5643513578499253e-05,0.006465978037351208,162
1,8,True,rings_spatial_exact,0.0055237547707225705,0.006450334523772709,0.055183687191091006,1.5678187339487545e-05,0.006466012711112196,163
1,8,True,rings_spatial_exact,0.0055237547707225705,0.006450334523772709,0.04537356037170169,-9.770441848297104e-05,0.006352630105289738,164
1,8,True,rings_spatial_exact,0.0055237547707225705,0.006450334523772709,0.06362135381713382,-0.00012420768508860768,0.006326126838684101,165
1,8,True,rings_spatial_exact,0.0055237547707225705,0.006450334523772709,0.5378449343395707,1.5217863003667322e-05,0.006465552386776376,166
1,8,True,rings_spatial_exact,0.0055237547707225705,0.006450334523772709,0.005636940753684434,1.5168973295830515e-05,0.006465503497068539,167
1,8,True,rings_spatial_exact,0.0055237547707225705,0.006450334523772709,0.10143665043076859,-0.00022116489409396752,0.006229169629678741,168
1,8,True,rings_spatial_exact,0.0055237547707225705,0.006450334523772709,0.15551865830867703,-9.578989455441209e-05,0.0063545446292182966,169
1,8,True,rings_spatial_exact,0.0055237547707225705,0.006450334523772709,0.0076953156172182464,1.568038279896756e-05,0.006466014906571676,170
1,8,True,rings_spatial_exact,0.0055237547707225705,0.006450334523772709,0.08383441709798761,1.516897320036261e-05,0.006465503496973071,171
1,8,True,rings_spatial_exact,0.0055237547707225705,0.006450334523772709,0.10863799900773932,1.5255868193447299e-05,0.006465590391966156,172
1,8,True,rings_spatial_exact,0.0055237547707225705,0.006450334523772709,0.013185967561168077,1.5644293206396216e-05,0.006465978816979105,173
1,8,True,rings_spatial_exact,0.0055237547707225705,0.006450334523772709,0.08683797218028326,1.456176448508869e-05,0.006464896288257797,174
1,8,True,rings_spatial_exact,0.0055237547707225705,0.006450334523772709,0.06995482443530852,1.5644771879956207e-05,0.006465979295652665,175
1,8,True,rings_spatial_exact,0.0055237547707225705,0.006450334523772709,0.009652113180211532,8.320043508857136e-06,0.006458654567281566,176
1,8,True,rings_spatial_exact,0.0055237547707225705,0.006450334523772709,0.0792107345988891,1.5680222829635507e-05,0.006466014746602344,177
1,8,True,rings_spatial_exact,0.0055237547707225705,0.006450334523772709,0.013240611544245627,-0.00018007306037117182,0.006270261463401537,178
1,8,True,rings_spatial_exact,0.0055237547707225705,0.006450334523772709,0.25363674744499615,-0.0022914806313666693,0.004158853892406039,179
1,8,True,rings_spatial_exact,0.0055237547707225705,0.006450334523772709,0.20253621131621657,1.545037150369518e-05,0.006465784895276404,180
1,8,True,rings_spatial_exact,0.0055237547707225705,0.006450334523772709,0.17163770459638097,1.5680337760833746e-05,0.006466014861533542,181
1,8,True,rings_spatial_exact,0.0055237547707225705,0.006450334523772709,0.0717536143366327,1.5678062655453615e-05,0.006466012586428162,182
1,8,True,rings_spatial_exact,0.0055237547707225705,0.006450334523772709,0.02994629585629974,1.5679215192848997e-05,0.006466013738965558,183
1,8,True,rings_spatial_exact,0.0055237547707225705,0.006450334523772709,0.00953728238105775,1.1795312272416467e-05,0.006462129836045125,184
1,8,True,rings_spatial_exact,0.0055237547707225705,0.006450334523772709,0.1727898945878164,6.983632597872859e-06,0.0064573181563705815,185
1,8,True,rings_spatial_exact,0.0055237547707225705,0.006450334523772709,0.145174023721488,1.5539326855548014e-05,0.006465873850628257,186
1,8,True,rings_spatial_exact,0.0055237547707225705,0.006450334523772709,0.008426822126569542,1.5679727236965306e-05,0.006466014251009674,187
1,8,True,rings_spatial_exact,0.0055237547707225705,0.006450334523772709,0.08608864746238981,1.5680382494407362e-05,0.006466014906267116,188
1,8,True,rings_spatial_exact,0.0055237547707225705,0.006450334523772709,0.09039337772888438,1.5676936409382385e-05,0.006466011460182091,189
1,8,True,rings_spatial_exact,0.0055237547707225705,0.006450334523772709,0.04389632687975503,1.5679860896232987e-05,0.006466014384668942,190
1,8,True,rings_spatial_exact,0.0055237547707225705,0.006450334523772709,0.7139739022794817,1.1073774814760427e-05,0.006461408298587469,191
1,8,True,rings_spatial_exact,0.0055237547707225705,0.006450334523772709,0.0049228387261513636,1.5641422688273537e-05,0.006465975946460982,192
1,8,True,rings_spatial_exact,0.0055237547707225705,0.006450334523772709,0.6761688773478717,1.4522280914930526e-05,0.006464856804687639,193
1,8,True,rings_spatial_exact,0.0055237547707225705,0.006450334523772709,0.022585850233956865,1.5643528329362978e-05,0.006465978052102072,194
1,8,True,rings_spatial_exact,0.0055237547707225705,0.006450334523772709,0.0226236346314089,2.4709202230254607e-06,0.006452805443995734,195
1,8,True,rings_spatial_exact,0.0055237547707225705,0.006450334523772709,0.2319024591001095,1.5652787742593058e-05,0.006465987311515302,196
1,8,True,rings_spatial_exact,0.0055237547707225705,0.006450334523772709,0.1726062326189723,1.0763231498803205e-05,0.006461097755271512,197
1,8,True,rings_spatial_exact,0.0055237547707225705,0.006450334523772709,0.007181886521385728,1.5670430325813792e-05,0.006466004954098522,198
1,8,True,rings_spatial_exact,0.0055237547707225705,0.006450334523772709,0.30186760931978157,-0.002296126087514714,0.0041542084362579945,199
2,8,True,rings_spatial_exact,0.7670795756046777,0.001566910533172702,0.6653719084341586,0.003276381252200713,0.004843291785373415,0
2,8,True,rings_spatial_exact,0.7670795756046777,0.001566910533172702,0.4828331497060783,0.004699275158289726,0.006266185691462428,1
2,8,True,rings_spatial_exact,0.7670795756046777,0.001566910533172702,0.8830579386033343,0.004893140872230743,0.006460051405403446,2
2,8,True,rings_spatial_exact,0.7670795756046777,0.001566910533172702,0.13902489114225625,0.004885094088280589,0.006452004621453291,3
2,8,True,rings_spatial_exact,0.7670795756046777,0.001566910533172702,0.40535066259089203,0.002445688778532624,0.004012599311705326,4
2,8,True,rings_spatial_exact,0.7670795756046777,0.001566910533172702,0.2583785801350981,0.004754548710698496,0.006321459243871197,5
2,8,True,rings_spatial_exact,0.7670795756046777,0.001566910533172702,0.25965073753800694,0.004895693318082192,0.006462603851254895,6
2,8,True,rings_spatial_exact,0.7670795756046777,0.001566910533172702,0.18195667704584073,0.004590636586092784,0.006157547119265487,7
2,8,True,rings_spatial_exact,0.7670795756046777,0.001566910533172702,0.5149380492120735,0.0023365792348558007,0.0039034897680285028,8
2,8,True,rings_spatial_exact,0.7670795756046777,0.001566910533172702,0.39201758076440507,0.004895962616435025,0.0064628731496077264,9
2,8,True,rings_spatial_exact,0.7670795756046777,0.001566910533172702,0.5434231378360185,0.0034375641782775908,0.005004474711450293,10
2,8,True,rings_spatial_exact,0.7670795756046777,0.001566910533172702,0.6623805704553708,0.0004385515012849512,0.0020054620344576533,11
2,8,True,rings_spatial_exact,0.7670795756046777,0.001566910533172702,0.6423870820210655,0.0048839481275141025,0.006450858660686805,12
2,8,True,rings_spatial_exact,0.7670795756046777,0.001566910533172702,0.29510603392271,0.004562919751340315,0.0061298302845130175,13
2,8,True,rings_spatial_exact,0.7670795756046777,0.001566910533172702,0.3271029078729665,0.00488903703157581,0.006455947564748512,14
2,8,True,rings_spatial_exact,0.7670795756046777,0.001566910533172702,1.0014818901208717,0.002589943824144738,0.00415685435731744,15
2,8,True,rings_spatial_exact,0.7670795756046777,0.001566910533172702,0.619389540252971,0.0025498121822241063,0.004116722715396808,16
2,8,True,rings_spatial_exact,0.7670795756046777,0.001566910533172702,0.22721438483673018,0.004659270786675577,0.00622618131984828,17
2,8,True,rings_spatial_exact,0.7670795756046777,0.001566910533172702,0.30082437819199553,0.00488241676951489,0.006449327302687592,18
2,8,True,rings_spatial_exact,0.7670795756046777,0.001566910533172702,0.6767366348255289,0.004886971040823661,0.0064538815739963624,19
2,8,True,rings_spatial_exact,0.7670795756046777,0.001566910533172702,0.496524113317447,0.0027343202409225134,0.0043012307740952155,20
2,8,True,rings_spatial_exact,0.7670795756046777,0.001566910533172702,0.26590574383263244,0.0048990658793644955,0.006465976412537198,21
2,8,True,rings_spatial_exact,0.7670795756046777,0.001566910533172702,0.2700798985309354,0.0048967295860022405,0.006463640119174943,22
2,8,True,rings_spatial_exact,0.7670795756046777,0.001566910533172702,0.9039396764612557,0.002564580620524877,0.004131491153697579,23
2,8,True,rings_spatial_exact,0.7670795756046777,0.001566910533172702,0.295713615059269,0.004877194982481322,0.006444105515654024,24
2,8,True,rings_spatial_exact,0.7670795756046777,0.001566910533172702,0.2734672164178174,0.004889677308854248,0.00645658784202695,25
2,8,True,rings_spatial_exact,0.7670795756046777,0.001566910533172702,0.3800969805996109,0.004886448476639271,0.006453359009811973,26
2,8,True,rings_spatial_exact,0.7670795756046777,0.001566910533172702,0.2901890914824488,0.004891486617947834,0.0064583971511205365,27
2,8,True,rings_spatial_exact,0.7670795756046777,0.001566910533172702,0.27414798476770796,0.004878541361299166,0.006445451894471869,28
2,8,True,rings_spatial_exact,0.7670795756046777,0.001566910533172702,0.15422240146276062,0.004692026824497842,0.006258937357670543,29
2,8,True,rings_spatial_exact,0.7670795756046777,0.001566910533172702,0.6842373739450163,0.0036245548552718758,0.005191465388444578,30
2,8,True,rings_spatial_exact,0.7670795756046777,0.001566910533172702,0.3565254360816469,0.00465691487357397,0.006223825406746672,31
2,8,True,rings_spatial_exact,0.7670795756046777,0.001566910533172702,0.7455835743893027,0.00478598527498046,0.0063528958081531615,32
2,8,True,rings_spatial_exact,0.7670795756046777,0.001566910533172702,0.26172064858054267,0.0048938813937814685,0.00646079192695417,33
2,8,True,rings_spatial_exact,0.7670795756046777,0.001566910533172702,0.07737709410878338,0.004885886883368221,0.006452797416540923,34
2,8,True,rings_spatial_exact,0.7670795756046777,0.001566910533172702,0.46034851805995275,0.0048780621794397745,0.006444972712612476,35
2,8,True,rings_spatial_exact,0.7670795756046777,0.001566910533172702,0.3871020812341869,0.004893254051381055,0.006460164584553757,36
2,8,True,rings_spatial_exact,0.7670795756046777,0.001566910533172702,0.28376740416028007,0.004563120222730033,0.006130030755902735,37
2,8,True,rings_spatial_exact,0.7670795756046777,0.001566910533172702,0.40253089283801063,0.004514895853498143,0.006081806386670846,38
2,8,True,rings_spatial_exact,0.7670795756046777,0.001566910533172702,0.27488603748287255,0.0048962413708234075,0.006463151903996109,39
2,8,True,rings_spatial_exact,0.7670795756046777,0.001566910533172702,0.3419938822066624,0.0027391397978947124,0.0043060503310674144,40
2,8,True,rings_spatial_exact,0.7670795756046777,0.001566910533172702,0.7098478111410476,0.00362224041797427,0.005189150951146972,41
2,8,True,rings_spatial_exact,0.7670795756046777,0.001566910533172702,0.3585445784852802,0.002736769825407917,0.004303680358580619,42
2,8,True,rings_spatial_exact,0.7670795756046777,0.001566910533172702,0.3043697980951871,0.004656234861303926,0.006223145394476629,43
2,8,True,rings_spatial_exact,0.7670795756046777,0.001566910533172702,0.1459249583265919,0.004884123688023276,0.006451034221195978,44
2,8,True,rings_spatial_exact,0.7670795756046777,0.001566910533172702,0.7927721702519958,0.0036298520575530463,0.0051967625907257484,45
2,8,True,rings_spatial_exact,0.7670795756046777,0.001566910533172702,0.6149129055864908,0.0011757825925204453,0.0027426931256931473,46
2,8,True,rings_spatial_exact,0.7670795756046777,0.001566910533172702,0.4479588105130236,0.0022600102698077306,0.0038269208029804327,47
2,8,True,rings_spatial_exact,0.7670795756046777,0.001566910533172702,0.1592779173371904,0.004322822729330772,0.005889733262503474,48
2,8,True,rings_spatial_exact,0.7670795756046777,0.001566910533172702,0.548433888181778,0.003389536552143998,0.0049564470853167,49
2,8,True,rings_spatial_exact,0.7670795756046777,0.001566910533172702,0.26824038619005824,0.004898666812551931,0.006465577345724633,50
2,8,True,rings_spatial_exact,0.7670795756046777,0.001566910533172702,0.275758382925138,0.004870975748655573,0.0064378862818282746,51
2,8,True,rings_spatial_exact,0.7670795756046777,0.001566910533172702,0.540211557769658,0.0026006735715786568,0.004167584104751359,52
2,8,True,rings_spatial_exact,0.7670795756046777,0.001566910533172702,0.09622639563583184,0.00489854526013471,0.006465455793307412,53
2,8,True,rings_spatial_exact,0.7670795756046777,0.001566910533172702,0.7991685640077825,0.0034795481685755505,0.005046458701748253,54
2,8,True,rings_spatial_exact,0.7670795756046777,0.001566910533172702,0.6903490436373617,0.002735580924160936,0.004302491457333638,55
2,8,True,rings_spatial_exact,0.7670795756046777,0.001566910533172702,1.0657331877772749,0.0014667725687660454,0.0030336831019387475,56
2,8,True,rings_spatial_exact,0.7670795756046777,0.001566910533172702,0.3058611217511587,0.0048819394954657275,0.006448850028638429,57
2,8,True,rings_spatial_exact,0.7670795756046777,0.001566910533172702,0.46711713768307433,0.0048826730134543615,0.006449583546627063,58
2,8,True,rings_spatial_exact,0.7670795756046777,0.001566910533172702,0.42265332597932687,0.0036194658851822358,0.005186376418354938,59
2,8,True,rings_spatial_exact,0.7670795756046777,0.001566910533172702,0.127236818558566,0.004894043654202854,0.006460954187375557,60
2,8,True,rings_spatial_exact,0.7670795756046777,0.001566910533172702,0.22782236407993567,0.00489905400248089,0.006465964535653593,61
2,8,True,rings_spatial_exact,0.7670795756046777,0.001566910533172702,0.38191576632246826,0.004754192652177016,0.006321103185349718,62
2,8,True,rings_spatial_exact,0.7670795756046777,0.001566910533172702,0.34191733303254507,0.0048895143689701055,0.006456424902142807,63
2,8,True,rings_spatial_exact,0.7670795756046777,0.001566910533172702,0.21213605867147417,0.004760149993984546,0.006327060527157248,64
2,8,True,rings_spatial_exact,0.7670795756046777,0.001566910533172702,0.5787987710940211,0.0024520114685695235,0.004018922001742226,65
2,8,True,rings_spatial_exact,0.7670795756046777,0.001566910533172702,0.809083676316999,0.0014810102511056138,0.003047920784278316,66
2,8,True,rings_spatial_exact,0.7670795756046777,0.001566910533172702,0.21159048049741042,0.004754246740256216,0.006321157273428918,67
2,8,True,rings_spatial_exact,0.7670795756046777,0.001566910533172702,0.4779741199145623,0.004882366225828201,0.006449276759000903,68
2,8,True,rings_spatial_exact,0.7670795756046777,0.001566910533172702,0.23320536689575153,0.004897692466744073,0.006464602999916775,69
2,8,True,rings_spatial_exact,0.7670795756046777,0.001566910533172702,0.38827833597301326,0.0025788617445584223,0.004145772277731124,70
2,8,True,rings_spatial_exact,0.7670795756046777,0.001566910533172702,0.5472750919017901,0.00464299318916825,0.006209903722340953,71
2,8,True,rings_spatial_exact,0.7670795756046777,0.001566910533172702,0.9864267795730971,0.0014763184701482462,0.0030432290033209483,72
2,8,True,rings_spatial_exact,0.7670795756046777,0.001566910533172702,0.4114178673586176,0.0034805354406742994,0.0050474459738470015,73
2,8,True,rings_spatial_exact,0.7670795756046777,0.001566910533172702,0.21453214575841303,0.004892244679342565,0.006459155212515267,74
2,8,True,rings_spatial_exact,0.7670795756046777,0.001566910533172702,0.3224263810217813,0.002588061575931093,0.004154972109103795,75
2,8,True,rings_spatial_exact,0.7670795756046777,0.001566910533172702,0.306943142561121,0.004872125261862958,0.006439035795035661,76
2,8,True,rings_spatial_exact,0.7670795756046777,0.001566910533172702,0.29671664279021226,0.004890259208512658,0.00645716974168536,77
2,8,True,rings_spatial_exact,0.7670795756046777,0.001566910533172702,0.1956580246213307,0.004889374418246295,0.006456284951418998,78
2,8,True,rings_spatial_exact,0.7670795756046777,0.001566910533172702,0.45358460470862483,0.0025916824076960385,0.004158592940868741,79
2,8,True,rings_spatial_exact,0.7670795756046777,0.001566910533172702,0.40655887340625896,0.004696967798777121,0.006263878331949823,80
2,8,True,rings_spatial_exact,0.7670795756046777,0.001566910533172702,0.8899765455559454,0.0047798502349177315,0.006346760768090433,81
2,8,True,rings_spatial_exact,0.7670795756046777,0.001566910533172702,0.5135801007897491,0.002590081702055815,0.004156992235228517,82
2,8,True,rings_spatial_exact,0.7670795756046777,0.001566910533172702,0.8778378468194659,0.0033911562750820177,0.00495806680825472,83
2,8,True,rings_spatial_exact,0.7670795756046777,0.001566910533172702,1.0761098166900043,0.0023382204650446445,0.0039051309982173466,84
2,8,True,rings_spatial_exact,0.7670795756046777,0.001566910533172702,0.5835318688484528,0.00209020692834827,0.003657117461520972,85
2,8,True,rings_spatial_exact,0.7670795756046777,0.001566910533172702,0.9577478769453511,0.0020986870867048266,0.0036655976198775287,86
2,8,True,rings_spatial_exact,0.7670795756046777,0.001566910533172702,0.37268061977953226,0.004646958442407055,0.006213868975579757,87
2,8,True,rings_spatial_exact,0.7670795756046777,0.001566910533172702,0.13297756173922753,0.0048809254685671394,0.006447836001739842,88
2,8,True,rings_spatial_exact,0.7670795756046777,0.001566910533172702,0.26673793900770326,0.0046959167318408376,0.006262827265013539,89
2,8,True,rings_spatial_exact,0.7670795756046777,0.001566910533172702,0.27918477450460305,0.004703355326057973,0.006270265859230676,90
2,8,True,rings_spatial_exact,0.7670795756046777,0.001566910533172702,0.8974915324941141,0.004891187623337045,0.006458098156509747,91
2,8,True,rings_spatial_exact,0.7670795756046777,0.001566910533172702,0.5286441634854722,0.0027317246998162354,0.0042986352329889375,92
2,8,True,rings_spatial_exact,0.7670795756046777,0.001566910533172702,0.15871056025598682,0.00477852720553024,0.0063454377387029415,93
2,8,True,rings_spatial_exact,0.7670795756046777,0.001566910533172702,0.9820212150459435,0.0023536445745747183,0.00392055510774742,94
2,8,True,rings_spatial_exact,0.7670795756046777,0.001566910533172702,0.23834262865619313,0.004884550928716154,0.006451461461888856,95
2,8,True,rings_spatial_exact,0.7670795756046777,0.001566910533172702,0.49214472187961794,0.00488472381585491,0.006451634349027612,96
2,8,True,rings_spatial_exact,0.7670795756046777,0.001566910533172702,0.3621204436350584,0.004884884405800224,0.006451794938972927,97
2,8,True,rings_spatial_exact,0.7670795756046777,0.001566910533172702,0.4629608068680594,0.002595745315499051,0.004162655848671753,98
2,8,True,rings_spatial_exact,0.7670795756046777,0.001566910533172702,0.2776403413098445,0.0047564568683111045,0.006323367401483807,99
2,8,True,rings_spatial_exact,0.7670795756046777,0.001566910533172702,0.7785031500483618,0.003388392076181667,0.004955302609354369,100
2,8,True,rings_spatial_exact,0.7670795756046777,0.001566910533172702,0.7249831786203415,0.003277958105043563,0.004844868638216265,101
2,8,True,rings_spatial_exact,0.7670795756046777,0.001566910533172702,0.6900257030445731,0.0036293122361565166,0.005196222769329219,102
2,8,True,rings_spatial_exact,0.7670795756046777,0.001566910533172702,0.5215954044121038,0.002632635877181233,0.004199546410353935,103
2,8,True,rings_spatial_exact,0.7670795756046777,0.001566910533172702,0.1942633106599882,0.004888093373394945,0.006455003906567646,104
2,8,True,rings_spatial_exact,0.7670795756046777,0.001566910533172702,0.8482401512811116,0.0011655509535092898,0.002732461486681992,105
2,8,True,rings_spatial_exact,0.7670795756046777,0.001566910533172702,1.0855104644683409,0.002505516967306078,0.00407242750047878,106
2,8,True,rings_spatial_exact,0.7670795756046777,0.001566910533172702,0.30430799843184314,0.004884725348934828,0.006451635882107531,107
2,8,True,rings_spatial_exact,0.7670795756046777,0.001566910533172702,0.6480518774559214,0.002578552722177299,0.004145463255350001,108
2,8,True,rings_spatial_exact,0.7670795756046777,0.001566910533172702,0.7122360171646271,0.002571826909446097,0.004138737442618799,109
2,8,True,rings_spatial_exact,0.7670795756046777,0.001566910533172702,0.5211837907638677,0.0025924836293048374,0.0041593941624775395,110
2,8,True,rings_spatial_exact,0.7670795756046777,0.001566910533172702,1.0228605481036797,0.004894170268670986,0.006461080801843688,111
2,8,True,rings_spatial_exact,0.7670795756046777,0.001566910533172702,0.21066917552531872,0.004898258606648068,0.006465169139820769,112
2,8,True,rings_spatial_exact,0.7670795756046777,0.001566910533172702,0.6221895364892117,0.0024927450786423337,0.004059655611815036,113
2,8,True,rings_spatial_exact,0.7670795756046777,0.001566910533172702,0.7630376254435455,0.004698361760273117,0.006265272293445819,114
2,8,True,rings_spatial_exact,0.7670795756046777,0.001566910533172702,0.27853292163869486,0.004770805550918309,0.00633771608409101,115
2,8,True,rings_spatial_exact,0.7670795756046777,0.001566910533172702,0.14599990722967102,0.004786858959146224,0.006353769492318926,116
2,8,True,rings_spatial_exact,0.7670795756046777,0.001566910533172702,0.1160029131021908,0.004885563659920367,0.00645247419309307,117
2,8,True,rings_spatial_exact,0.7670795756046777,0.001566910533172702,0.860419808759541,0.0036236185793065913,0.005190529112479293,118
2,8,True,rings_spatial_exact,0.7670795756046777,0.001566910533172702,0.3153894458731275,0.004650430454361474,0.006217340987534176,119
2,8,True,rings_spatial_exact,0.7670795756046777,0.001566910533172702,0.2009653206505638,0.004872732724417513,0.006439643257590216,120
2,8,True,rings_spatial_exact,0.7670795756046777,0.001566910533172702,0.35982104030407325,0.004881375388349738,0.00644828592152244,121
2,8,True,rings_spatial_exact,0.7670795756046777,0.001566910533172702,0.29601294430493047,0.0023890709062479574,0.0039559814394206595,122
2,8,True,rings_spatial_exact,0.7670795756046777,0.001566910533172702,0.9444092512435245,0.004893718001754118,0.00646062853492682,123
2,8,True,rings_spatial_exact,0.7670795756046777,0.001566910533172702,0.37268427244222485,0.004787309290803166,0.006354219823975868,124
2,8,True,rings_spatial_exact,0.7670795756046777,0.001566910533172702,0.23505495424837783,0.004893230551942386,0.006460141085115088,125
2,8,True,rings_spatial_exact,0.7670795756046777,0.001566910533172702,0.5918094440270016,0.0025908698237834507,0.004157780356956153,126
2,8,True,rings_spatial_exact,0.7670795756046777,0.001566910533172702,0.5110103702767804,0.004885208738628721,0.0064521192718014235,127
2,8,True,rings_spatial_exact,0.7670795756046777,0.001566910533172702,0.17543215179289987,0.0046572187828108295,0.006224129315983531,128
2,8,True,rings_spatial_exact,0.7670795756046777,0.001566910533172702,0.04192678453573296,0.004895762425352619,0.006462672958525322,129
2,8,True,rings_spatial_exact,0.7670795756046777,0.001566910533172702,0.4384999219572082,0.004892967626924295,0.006459878160096997,130
2,8,True,rings_spatial_exact,0.7670795756046777,0.001566910533172702,0.5358687725688678,0.00488595706819691,0.006452867601369612,131
2,8,True,rings_spatial_exact,0.7670795756046777,0.001566910533172702,0.5897808011579168,0.0034385531253884037,0.005005463658561106,132
2,8,True,rings_spatial_exact,0.7670795756046777,0.001566910533172702,0.032967759591193455,0.004642893316219032,0.006209803849391735,133
2,8,True,rings_spatial_exact,0.7670795756046777,0.001566910533172702,0.6715452912180957,0.004639643296258602,0.006206553829431303,134
2,8,True,rings_spatial_exact,0.7670795756046777,0.001566910533172702,0.5986771080575044,0.004889887815919853,0.006456798349092556,135
2,8,True,rings_spatial_exact,0.7670795756046777,0.001566910533172702,0.7089469474584474,0.0023846581050383964,0.0039515686382110985,136
2,8,True,rings_spatial_exact,0.7670795756046777,0.001566910533172702,0.8202064314834581,0.0014776855527973442,0.0030445960859700463,137
2,8,True,rings_spatial_exact,0.7670795756046777,0.001566910533172702,0.42281487500591375,0.0036284338188636287,0.005195344352036331,138
2,8,True,rings_spatial_exact,0.7670795756046777,0.001566910533172702,0.5254486299128149,0.0025508653866995645,0.004117775919872267,139
2,8,True,rings_spatial_exact,0.7670795756046777,0.001566910533172702,0.7128141759317935,0.004774081738132992,0.006340992271305693,140
2,8,True,rings_spatial_exact,0.7670795756046777,0.001566910533172702,0.0973738199649982,0.004779091078653739,0.006346001611826441,141
2,8,True,rings_spatial_exact,0.7670795756046777,0.001566910533172702,0.6541640205906103,0.004889118432003169,0.006456028965175871,142
2,8,True,rings_spatial_exact,0.7670795756046777,0.001566910533172702,0.5686000273959552,0.004890151051554097,0.006457061584726798,143
2,8,True,rings_spatial_exact,0.7670795756046777,0.001566910533172702,0.464859611958183,0.0027455861825778443,0.004312496715750546,144
2,8,True,rings_spatial_exact,0.7670795756046777,0.001566910533172702,0.1011908226780809,0.004511929861892576,0.006078840395065278,145
2,8,True,rings_spatial_exact,0.7670795756046777,0.001566910533172702,0.27851226206446983,0.004895974010153358,0.00646288454332606,146
2,8,True,rings_spatial_exact,0.7670795756046777,0.001566910533172702,0.27274649982056415,0.0048809693030300826,0.006447879836202785,147
2,8,True,rings_spatial_exact,0.7670795756046777,0.001566910533172702,0.2937170619408443,0.004758714908052367,0.006325625441225069,148
2,8,True,rings_spatial_exact,0.7670795756046777,0.001566910533172702,0.7124209507394879,0.0025908675580170837,0.004157778091189786,149
2,8,True,rings_spatial_exact,0.7670795756046777,0.001566910533172702,0.2088535637698324,0.004564959900852457,0.006131870434025159,150
2,8,True,rings_spatial_exact,0.7670795756046777,0.001566910533172702,0.9180834356131821,0.004898559934034661,0.006465470467207362,151
2,8,True,rings_spatial_exact,0.7670795756046777,0.001566910533172702,0.589537723246114,0.004706861047710977,0.006273771580883679,152
2,8,True,rings_spatial_exact,0.7670795756046777,0.001566910533172702,0.32729974654885513,0.004651387369931851,0.006218297903104552,153
2,8,True,rings_spatial_exact,0.7670795756046777,0.001566910533172702,0.5069844487817716,0.0036114070921904958,0.005178317625363198,154
2,8,True,rings_spatial_exact,0.7670795756046777,0.001566910533172702,0.3334096175390132,0.004893797940174013,0.006460708473346715,155
2,8,True,rings_spatial_exact,0.7670795756046777,0.001566910533172702,0.4484923635773749,0.002743335800205185,0.004310246333377887,156
2,8,True,rings_spatial_exact,0.7670795756046777,0.001566910533172702,0.7681765201297559,0.002748484891787662,0.004315395424960364,157
2,8,True,rings_spatial_exact,0.7670795756046777,0.001566910533172702,0.6508427525803614,0.0025911743080428208,0.004158084841215523,158
2,8,True,rings_spatial_exact,0.7670795756046777,0.001566910533172702,0.6709037449488645,0.0036123913498662097,0.005179301883038912,159
2,8,True,rings_spatial_exact,0.7670795756046777,0.001566910533172702,0.2974316263536991,0.004884396410119474,0.0064513069432921765,160
2,8,True,rings_spatial_exact,0.7670795756046777,0.001566910533172702,0.8912637357351956,0.003477851197952606,0.005044761731125308,161
2,8,True,rings_spatial_exact,0.7670795756046777,0.001566910533172702,0.3411182101962473,0.0048880392124225625,0.006454949745595265,162
2,8,True,rings_spatial_exact,0.7670795756046777,0.001566910533172702,0.31231453806803194,0.004657059883049649,0.006223970416222351,163
2,8,True,rings_spatial_exact,0.7670795756046777,0.001566910533172702,0.33024331210927205,0.0027242252913458162,0.004291135824518518,164
2,8,True,rings_spatial_exact,0.7670795756046777,0.001566910533172702,0.3676909598408411,0.0048988467203552235,0.006465757253527926,165
2,8,True,rings_spatial_exact,0.7670795756046777,0.001566910533172702,0.5962840611098192,0.004743771482957071,0.0063106820161297735,166
2,8,True,rings_spatial_exact,0.7670795756046777,0.001566910533172702,0.2645353561623123,0.0048843438881231525,0.006451254421295855,167
2,8,True,rings_spatial_exact,0.7670795756046777,0.001566910533172702,1.1472494671057893,0.002210015378680267,0.003776925911852969,168
2,8,True,rings_spatial_exact,0.7670795756046777,0.001566910533172702,0.7182656764743824,0.004758971182907782,0.006325881716080483,169
2,8,True,rings_spatial_exact,0.7670795756046777,0.001566910533172702,0.23409013313447877,0.00458428462625606,0.006151195159428763,170
2,8,True,rings_spatial_exact,0.7670795756046777,0.001566910533172702,0.3882229195999547,0.004652131668917283,0.006219042202089985,171
2,8,True,rings_spatial_exact,0.7670795756046777,0.001566910533172702,0.2659215751585383,0.004886685818479963,0.006453596351652665,172
2,8,True,rings_spatial_exact,0.7670795756046777,0.001566910533172702,0.26135597465596094,0.004886122589085497,0.006453033122258199,173
2,8,True,rings_spatial_exact,0.7670795756046777,0.001566910533172702,0.3850800132555038,0.004649984193355905,0.006216894726528608,174
2,8,True,rings_spatial_exact,0.7670795756046777,0.001566910533172702,0.23975026199747465,0.0025139708344725773,0.004080881367645279,175
2,8,True,rings_spatial_exact,0.7670795756046777,0.001566910533172702,0.39790114136781835,0.004890943838090517,0.006457854371263219,176
2,8,True,rings_spatial_exact,0.7670795756046777,0.001566910533172702,0.4049698331701687,0.0024468394755382534,0.0040137500087109555,177
2,8,True,rings_spatial_exact,0.7670795756046777,0.001566910533172702,0.8820380607458012,0.0047403991308793015,0.006307309664052004,178
2,8,True,rings_spatial_exact,0.7670795756046777,0.001566910533172702,0.404193509909197,0.004692454383552286,0.006259364916724988,179
2,8,True,rings_spatial_exact,0.7670795756046777,0.001566910533172702,0.13574359158826058,0.004755508460922672,0.006322418994095374,180
2,8,True,rings_spatial_exact,0.7670795756046777,0.001566910533172702,0.9208667441604131,0.004762019656560236,0.0063289301897329385,181
2,8,True,rings_spatial_exact,0.7670795756046777,0.001566910533172702,0.16145983467020247,0.0046622195660870475,0.00622913009925975,182
2,8,True,rings_spatial_exact,0.7670795756046777,0.001566910533172702,0.13375363921610622,0.004658366101512967,0.0062252766346856695,183
2,8,True,rings_spatial_exact,0.7670795756046777,0.001566910533172702,0.4557162862247661,0.0027446122500663444,0.0043115227832390465,184
2,8,True,rings_spatial_exact,0.7670795756046777,0.001566910533172702,0.5777498015897823,0.003246925625797993,0.004813836158970695,185
2,8,True,rings_spatial_exact,0.7670795756046777,0.001566910533172702,0.8828073418540391,0.0036245550760977117,0.005191465609270414,186
2,8,True,rings_spatial_exact,0.7670795756046777,0.001566910533172702,0.3892215376758093,0.004888578422701942,0.006455488955874645,187
2,8,True,rings_spatial_exact,0.7670795756046777,0.001566910533172702,0.242108739723503,0.004895885458225686,0.006462795991398388,188
2,8,True,rings_spatial_exact,0.7670795756046777,0.001566910533172702,0.21608680265618976,0.004707972508223577,0.006274883041396279,189
2,8,True,rings_spatial_exact,0.7670795756046777,0.001566910533172702,0.7734345388399709,0.00338381242181402,0.004950722954986722,190
2,8,True,rings_spatial_exact,0.7670795756046777,0.001566910533172702,0.40983112001829636,0.004887397259267718,0.00645430779244042,191
2,8,True,rings_spatial_exact,0.7670795756046777,0.001566910533172702,0.4934266893568277,0.004656297047939175,0.006223207581111877,192
2,8,True,rings_spatial_exact,0.7670795756046777,0.001566910533172702,0.8642779190556994,0.003609860190973468,0.00517677072414617,193
2,8,True,rings_spatial_exact,0.7670795756046777,0.001566910533172702,0.23917906124701568,0.004891647450480714,0.006458557983653416,194
2,8,True,rings_spatial_exact,0.7670795756046777,0.001566910533172702,0.1800658682283078,0.004769354392694212,0.006336264925866915,195
2,8,True,rings_spatial_exact,0.7670795756046777,0.001566910533172702,0.21893960704820098,0.004687190721324969,0.006254101254497672,196
2,8,True,rings_spatial_exact,0.7670795756046777,0.001566910533172702,0.7934345074286485,0.004754211232899272,0.006321121766071975,197
2,8,True,rings_spatial_exact,0.7670795756046777,0.001566910533172702,0.13258090177133416,0.004651814461125069,0.006218724994297772,198
2,8,True,rings_spatial_exact,0.7670795756046777,0.001566910533172702,0.2597527760047569,0.002724878655518287,0.004291789188690989,199
8,8,True,rings_spatial_exact,3.394381483281877,1.8033742851741042e-35,3.394381483281877,0.0,1.8033742851741042e-35,0
8,8,True,rings_spatial_exact,3.394381483281877,1.8033742851741042e-35,3.394381483281877,0.0,1.8033742851741042e-35,1
8,8,True,rings_spatial_exact,3.394381483281877,1.8033742851741042e-35,3.394381483281877,0.0,1.8033742851741042e-35,2
8,8,True,rings_spatial_exact,3.394381483281877,1.8033742851741042e-35,3.394381483281877,0.0,1.8033742851741042e-35,3
8,8,True,rings_spatial_exact,3.394381483281877,1.8033742851741042e-35,3.394381483281877,0.0,1.8033742851741042e-35,4
8,8,True,rings_spatial_exact,3.394381483281877,1.8033742851741042e-35,3.394381483281877,0.0,1.8033742851741042e-35,5
8,8,True,rings_spatial_exact,3.394381483281877,1.8033742851741042e-35,3.394381483281877,0.0,1.8033742851741042e-35,6
8,8,True,rings_spatial_exact,3.394381483281877,1.8033742851741042e-35,3.394381483281877,0.0,1.8033742851741042e-35,7
8,8,True,rings_spatial_exact,3.394381483281877,1.8033742851741042e-35,3.394381483281877,0.0,1.8033742851741042e-35,8
8,8,True,rings_spatial_exact,3.394381483281877,1.8033742851741042e-35,3.394381483281877,0.0,1.8033742851741042e-35,9
8,8,True,rings_spatial_exact,3.394381483281877,1.8033742851741042e-35,3.394381483281877,0.0,1.8033742851741042e-35,10
8,8,True,rings_spatial_exact,3.394381483281877,1.8033742851741042e-35,3.394381483281877,0.0,1.8033742851741042e-35,11
8,8,True,rings_spatial_exact,3.394381483281877,1.8033742851741042e-35,3.394381483281877,0.0,1.8033742851741042e-35,12
8,8,True,rings_spatial_exact,3.394381483281877,1.8033742851741042e-35,3.394381483281877,0.0,1.8033742851741042e-35,13
8,8,True,rings_spatial_exact,3.394381483281877,1.8033742851741042e-35,3.394381483281877,0.0,1.8033742851741042e-35,14
8,8,True,rings_spatial_exact,3.394381483281877,1.8033742851741042e-35,3.394381483281877,0.0,1.8033742851741042e-35,15
8,8,True,rings_spatial_exact,3.394381483281877,1.8033742851741042e-35,3.394381483281877,0.0,1.8033742851741042e-35,16
8,8,True,rings_spatial_exact,3.394381483281877,1.8033742851741042e-35,3.394381483281877,0.0,1.8033742851741042e-35,17
8,8,True,rings_spatial_exact,3.394381483281877,1.8033742851741042e-35,3.394381483281877,0.0,1.8033742851741042e-35,18
8,8,True,rings_spatial_exact,3.394381483281877,1.8033742851741042e-35,3.394381483281877,0.0,1.8033742851741042e-35,19
8,8,True,rings_spatial_exact,3.394381483281877,1.8033742851741042e-35,3.394381483281877,0.0,1.8033742851741042e-35,20
8,8,True,rings_spatial_exact,3.394381483281877,1.8033742851741042e-35,3.394381483281877,0.0,1.8033742851741042e-35,21
8,8,True,rings_spatial_exact,3.394381483281877,1.8033742851741042e-35,3.394381483281877,0.0,1.8033742851741042e-35,22
8,8,True,rings_spatial_exact,3.394381483281877,1.8033742851741042e-35,3.394381483281877,0.0,1.8033742851741042e-35,23
8,8,True,rings_spatial_exact,3.394381483281877,1.8033742851741042e-35,3.394381483281877,0.0,1.8033742851741042e-35,24
8,8,True,rings_spatial_exact,3.394381483281877,1.8033742851741042e-35,3.394381483281877,0.0,1.8033742851741042e-35,25
8,8,True,rings_spatial_exact,3.394381483281877,1.8033742851741042e-35,3.394381483281877,0.0,1.8033742851741042e-35,26
8,8,True,rings_spatial_exact,3.394381483281877,1.8033742851741042e-35,3.394381483281877,0.0,1.8033742851741042e-35,27
8,8,True,rings_spatial_exact,3.394381483281877,1.8033742851741042e-35,3.394381483281877,0.0,1.8033742851741042e-35,28
8,8,True,rings_spatial_exact,3.394381483281877,1.8033742851741042e-35,3.394381483281877,0.0,1.8033742851741042e-35,29
8,8,True,rings_spatial_exact,3.394381483281877,1.8033742851741042e-35,3.394381483281877,0.0,1.8033742851741042e-35,30
8,8,True,rings_spatial_exact,3.394381483281877,1.8033742851741042e-35,3.394381483281877,0.0,1.8033742851741042e-35,31
8,8,True,rings_spatial_exact,3.394381483281877,1.8033742851741042e-35,3.394381483281877,0.0,1.8033742851741042e-35,32
8,8,True,rings_spatial_exact,3.394381483281877,1.8033742851741042e-35,3.394381483281877,0.0,1.8033742851741042e-35,33
8,8,True,rings_spatial_exact,3.394381483281877,1.8033742851741042e-35,3.394381483281877,0.0,1.8033742851741042e-35,34
8,8,True,rings_spatial_exact,3.394381483281877,1.8033742851741042e-35,3.394381483281877,0.0,1.8033742851741042e-35,35
8,8,True,rings_spatial_exact,3.394381483281877,1.8033742851741042e-35,3.394381483281877,0.0,1.8033742851741042e-35,36
8,8,True,rings_spatial_exact,3.394381483281877,1.8033742851741042e-35,3.394381483281877,0.0,1.8033742851741042e-35,37
8,8,True,rings_spatial_exact,3.394381483281877,1.8033742851741042e-35,3.394381483281877,0.0,1.8033742851741042e-35,38
8,8,True,rings_spatial_exact,3.394381483281877,1.8033742851741042e-35,3.394381483281877,0.0,1.8033742851741042e-35,39
8,8,True,rings_spatial_exact,3.394381483281877,1.8033742851741042e-35,3.394381483281877,0.0,1.8033742851741042e-35,40
8,8,True,rings_spatial_exact,3.394381483281877,1.8033742851741042e-35,3.394381483281877,0.0,1.8033742851741042e-35,41
8,8,True,rings_spatial_exact,3.394381483281877,1.8033742851741042e-35,3.394381483281877,0.0,1.8033742851741042e-35,42
8,8,True,rings_spatial_exact,3.394381483281877,1.8033742851741042e-35,3.394381483281877,0.0,1.8033742851741042e-35,43
8,8,True,rings_spatial_exact,3.394381483281877,1.8033742851741042e-35,3.394381483281877,0.0,1.8033742851741042e-35,44
8,8,True,rings_spatial_exact,3.394381483281877,1.8033742851741042e-35,3.394381483281877,0.0,1.8033742851741042e-35,45
8,8,True,rings_spatial_exact,3.394381483281877,1.8033742851741042e-35,3.394381483281877,0.0,1.8033742851741042e-35,46
8,8,True,rings_spatial_exact,3.394381483281877,1.8033742851741042e-35,3.394381483281877,0.0,1.8033742851741042e-35,47
8,8,True,rings_spatial_exact,3.394381483281877,1.8033742851741042e-35,3.394381483281877,0.0,1.8033742851741042e-35,48
8,8,True,rings_spatial_exact,3.394381483281877,1.8033742851741042e-35,3.394381483281877,0.0,1.8033742851741042e-35,49
8,8,True,rings_spatial_exact,3.394381483281877,1.8033742851741042e-35,3.394381483281877,0.0,1.8033742851741042e-35,50
8,8,True,rings_spatial_exact,3.394381483281877,1.8033742851741042e-35,3.394381483281877,0.0,1.8033742851741042e-35,51
8,8,True,rings_spatial_exact,3.394381483281877,1.8033742851741042e-35,3.394381483281877,0.0,1.8033742851741042e-35,52
8,8,True,rings_spatial_exact,3.394381483281877,1.8033742851741042e-35,3.394381483281877,0.0,1.8033742851741042e-35,53
8,8,True,rings_spatial_exact,3.394381483281877,1.8033742851741042e-35,3.394381483281877,0.0,1.8033742851741042e-35,54
8,8,True,rings_spatial_exact,3.394381483281877,1.8033742851741042e-35,3.394381483281877,0.0,1.8033742851741042e-35,55
8,8,True,rings_spatial_exact,3.394381483281877,1.8033742851741042e-35,3.394381483281877,0.0,1.8033742851741042e-35,56
8,8,True,rings_spatial_exact,3.394381483281877,1.8033742851741042e-35,3.394381483281877,0.0,1.8033742851741042e-35,57
8,8,True,rings_spatial_exact,3.394381483281877,1.8033742851741042e-35,3.394381483281877,0.0,1.8033742851741042e-35,58
8,8,True,rings_spatial_exact,3.394381483281877,1.8033742851741042e-35,3.394381483281877,0.0,1.8033742851741042e-35,59
8,8,True,rings_spatial_exact,3.394381483281877,1.8033742851741042e-35,3.394381483281877,0.0,1.8033742851741042e-35,60
8,8,True,rings_spatial_exact,3.394381483281877,1.8033742851741042e-35,3.394381483281877,0.0,1.8033742851741042e-35,61
8,8,True,rings_spatial_exact,3.394381483281877,1.8033742851741042e-35,3.394381483281877,0.0,1.8033742851741042e-35,62
8,8,True,rings_spatial_exact,3.394381483281877,1.8033742851741042e-35,3.394381483281877,0.0,1.8033742851741042e-35,63
8,8,True,rings_spatial_exact,3.394381483281877,1.8033742851741042e-35,3.394381483281877,0.0,1.8033742851741042e-35,64
8,8,True,rings_spatial_exact,3.394381483281877,1.8033742851741042e-35,3.394381483281877,0.0,1.8033742851741042e-35,65
8,8,True,rings_spatial_exact,3.394381483281877,1.8033742851741042e-35,3.394381483281877,0.0,1.8033742851741042e-35,66
8,8,True,rings_spatial_exact,3.394381483281877,1.8033742851741042e-35,3.394381483281877,0.0,1.8033742851741042e-35,67
8,8,True,rings_spatial_exact,3.394381483281877,1.8033742851741042e-35,3.394381483281877,0.0,1.8033742851741042e-35,68
8,8,True,rings_spatial_exact,3.394381483281877,1.8033742851741042e-35,3.394381483281877,0.0,1.8033742851741042e-35,69
8,8,True,rings_spatial_exact,3.394381483281877,1.8033742851741042e-35,3.394381483281877,0.0,1.8033742851741042e-35,70
8,8,True,rings_spatial_exact,3.394381483281877,1.8033742851741042e-35,3.394381483281877,0.0,1.8033742851741042e-35,71
8,8,True,rings_spatial_exact,3.394381483281877,1.8033742851741042e-35,3.394381483281877,0.0,1.8033742851741042e-35,72
8,8,True,rings_spatial_exact,3.394381483281877,1.8033742851741042e-35,3.394381483281877,0.0,1.8033742851741042e-35,73
8,8,True,rings_spatial_exact,3.394381483281877,1.8033742851741042e-35,3.394381483281877,0.0,1.8033742851741042e-35,74
8,8,True,rings_spatial_exact,3.394381483281877,1.8033742851741042e-35,3.394381483281877,0.0,1.8033742851741042e-35,75
8,8,True,rings_spatial_exact,3.394381483281877,1.8033742851741042e-35,3.394381483281877,0.0,1.8033742851741042e-35,76
8,8,True,rings_spatial_exact,3.394381483281877,1.8033742851741042e-35,3.394381483281877,0.0,1.8033742851741042e-35,77
8,8,True,rings_spatial_exact,3.394381483281877,1.8033742851741042e-35,3.394381483281877,0.0,1.8033742851741042e-35,78
8,8,True,rings_spatial_exact,3.394381483281877,1.8033742851741042e-35,3.394381483281877,0.0,1.8033742851741042e-35,79
8,8,True,rings_spatial_exact,3.394381483281877,1.8033742851741042e-35,3.394381483281877,0.0,1.8033742851741042e-35,80
8,8,True,rings_spatial_exact,3.394381483281877,1.8033742851741042e-35,3.394381483281877,0.0,1.8033742851741042e-35,81
8,8,True,rings_spatial_exact,3.394381483281877,1.8033742851741042e-35,3.394381483281877,0.0,1.8033742851741042e-35,82
8,8,True,rings_spatial_exact,3.394381483281877,1.8033742851741042e-35,3.394381483281877,0.0,1.8033742851741042e-35,83
8,8,True,rings_spatial_exact,3.394381483281877,1.8033742851741042e-35,3.394381483281877,0.0,1.8033742851741042e-35,84
8,8,True,rings_spatial_exact,3.394381483281877,1.8033742851741042e-35,3.394381483281877,0.0,1.8033742851741042e-35,85
8,8,True,rings_spatial_exact,3.394381483281877,1.8033742851741042e-35,3.394381483281877,0.0,1.8033742851741042e-35,86
8,8,True,rings_spatial_exact,3.394381483281877,1.8033742851741042e-35,3.394381483281877,0.0,1.8033742851741042e-35,87
8,8,True,rings_spatial_exact,3.394381483281877,1.8033742851741042e-35,3.394381483281877,0.0,1.8033742851741042e-35,88
8,8,True,rings_spatial_exact,3.394381483281877,1.8033742851741042e-35,3.394381483281877,0.0,1.8033742851741042e-35,89
8,8,True,rings_spatial_exact,3.394381483281877,1.8033742851741042e-35,3.394381483281877,0.0,1.8033742851741042e-35,90
8,8,True,rings_spatial_exact,3.394381483281877,1.8033742851741042e-35,3.394381483281877,0.0,1.8033742851741042e-35,91
8,8,True,rings_spatial_exact,3.394381483281877,1.8033742851741042e-35,3.394381483281877,0.0,1.8033742851741042e-35,92
8,8,True,rings_spatial_exact,3.394381483281877,1.8033742851741042e-35,3.394381483281877,0.0,1.8033742851741042e-35,93
8,8,True,rings_spatial_exact,3.394381483281877,1.8033742851741042e-35,3.394381483281877,0.0,1.8033742851741042e-35,94
8,8,True,rings_spatial_exact,3.394381483281877,1.8033742851741042e-35,3.394381483281877,0.0,1.8033742851741042e-35,95
8,8,True,rings_spatial_exact,3.394381483281877,1.8033742851741042e-35,3.394381483281877,0.0,1.8033742851741042e-35,96
8,8,True,rings_spatial_exact,3.394381483281877,1.8033742851741042e-35,3.394381483281877,0.0,1.8033742851741042e-35,97
8,8,True,rings_spatial_exact,3.394381483281877,1.8033742851741042e-35,3.394381483281877,0.0,1.8033742851741042e-35,98
8,8,True,rings_spatial_exact,3.394381483281877,1.8033742851741042e-35,3.394381483281877,0.0,1.8033742851741042e-35,99
8,8,True,rings_spatial_exact,3.394381483281877,1.8033742851741042e-35,3.394381483281877,0.0,1.8033742851741042e-35,100
8,8,True,rings_spatial_exact,3.394381483281877,1.8033742851741042e-35,3.394381483281877,0.0,1.8033742851741042e-35,101
8,8,True,rings_spatial_exact,3.394381483281877,1.8033742851741042e-35,3.394381483281877,0.0,1.8033742851741042e-35,102
8,8,True,rings_spatial_exact,3.394381483281877,1.8033742851741042e-35,3.394381483281877,0.0,1.8033742851741042e-35,103
8,8,True,rings_spatial_exact,3.394381483281877,1.8033742851741042e-35,3.394381483281877,0.0,1.8033742851741042e-35,104
8,8,True,rings_spatial_exact,3.394381483281877,1.8033742851741042e-35,3.394381483281877,0.0,1.8033742851741042e-35,105
8,8,True,rings_spatial_exact,3.394381483281877,1.8033742851741042e-35,3.394381483281877,0.0,1.8033742851741042e-35,106
8,8,True,rings_spatial_exact,3.394381483281877,1.8033742851741042e-35,3.394381483281877,0.0,1.8033742851741042e-35,107
8,8,True,rings_spatial_exact,3.394381483281877,1.8033742851741042e-35,3.394381483281877,0.0,1.8033742851741042e-35,108
8,8,True,rings_spatial_exact,3.394381483281877,1.8033742851741042e-35,3.394381483281877,0.0,1.8033742851741042e-35,109
8,8,True,rings_spatial_exact,3.394381483281877,1.8033742851741042e-35,3.394381483281877,0.0,1.8033742851741042e-35,110
8,8,True,rings_spatial_exact,3.394381483281877,1.8033742851741042e-35,3.394381483281877,0.0,1.8033742851741042e-35,111
8,8,True,rings_spatial_exact,3.394381483281877,1.8033742851741042e-35,3.394381483281877,0.0,1.8033742851741042e-35,112
8,8,True,rings_spatial_exact,3.394381483281877,1.8033742851741042e-35,3.394381483281877,0.0,1.8033742851741042e-35,113
8,8,True,rings_spatial_exact,3.394381483281877,1.8033742851741042e-35,3.394381483281877,0.0,1.8033742851741042e-35,114
8,8,True,rings_spatial_exact,3.394381483281877,1.8033742851741042e-35,3.394381483281877,0.0,1.8033742851741042e-35,115
8,8,True,rings_spatial_exact,3.394381483281877,1.8033742851741042e-35,3.394381483281877,0.0,1.8033742851741042e-35,116
8,8,True,rings_spatial_exact,3.394381483281877,1.8033742851741042e-35,3.394381483281877,0.0,1.8033742851741042e-35,117
8,8,True,rings_spatial_exact,3.394381483281877,1.8033742851741042e-35,3.394381483281877,0.0,1.8033742851741042e-35,118
8,8,True,rings_spatial_exact,3.394381483281877,1.8033742851741042e-35,3.394381483281877,0.0,1.8033742851741042e-35,119
8,8,True,rings_spatial_exact,3.394381483281877,1.8033742851741042e-35,3.394381483281877,0.0,1.8033742851741042e-35,120
8,8,True,rings_spatial_exact,3.394381483281877,1.8033742851741042e-35,3.394381483281877,0.0,1.8033742851741042e-35,121
8,8,True,rings_spatial_exact,3.394381483281877,1.8033742851741042e-35,3.394381483281877,0.0,1.8033742851741042e-35,122
8,8,True,rings_spatial_exact,3.394381483281877,1.8033742851741042e-35,3.394381483281877,0.0,1.8033742851741042e-35,123
8,8,True,rings_spatial_exact,3.394381483281877,1.8033742851741042e-35,3.394381483281877,0.0,1.8033742851741042e-35,124
8,8,True,rings_spatial_exact,3.394381483281877,1.8033742851741042e-35,3.394381483281877,0.0,1.8033742851741042e-35,125
8,8,True,rings_spatial_exact,3.394381483281877,1.8033742851741042e-35,3.394381483281877,0.0,1.8033742851741042e-35,126
8,8,True,rings_spatial_exact,3.394381483281877,1.8033742851741042e-35,3.394381483281877,0.0,1.8033742851741042e-35,127
8,8,True,rings_spatial_exact,3.394381483281877,1.8033742851741042e-35,3.394381483281877,0.0,1.8033742851741042e-35,128
8,8,True,rings_spatial_exact,3.394381483281877,1.8033742851741042e-35,3.394381483281877,0.0,1.8033742851741042e-35,129
8,8,True,rings_spatial_exact,3.394381483281877,1.8033742851741042e-35,3.394381483281877,0.0,1.8033742851741042e-35,130
8,8,True,rings_spatial_exact,3.394381483281877,1.8033742851741042e-35,3.394381483281877,0.0,1.8033742851741042e-35,131
8,8,True,rings_spatial_exact,3.394381483281877,1.8033742851741042e-35,3.394381483281877,0.0,1.8033742851741042e-35,132
8,8,True,rings_spatial_exact,3.394381483281877,1.8033742851741042e-35,3.394381483281877,0.0,1.8033742851741042e-35,133
8,8,True,rings_spatial_exact,3.394381483281877,1.8033742851741042e-35,3.394381483281877,0.0,1.8033742851741042e-35,134
8,8,True,rings_spatial_exact,3.394381483281877,1.8033742851741042e-35,3.394381483281877,0.0,1.8033742851741042e-35,135
8,8,True,rings_spatial_exact,3.394381483281877,1.8033742851741042e-35,3.394381483281877,0.0,1.8033742851741042e-35,136
8,8,True,rings_spatial_exact,3.394381483281877,1.8033742851741042e-35,3.394381483281877,0.0,1.8033742851741042e-35,137
8,8,True,rings_spatial_exact,3.394381483281877,1.8033742851741042e-35,3.394381483281877,0.0,1.8033742851741042e-35,138
8,8,True,rings_spatial_exact,3.394381483281877,1.8033742851741042e-35,3.394381483281877,0.0,1.8033742851741042e-35,139
8,8,True,rings_spatial_exact,3.394381483281877,1.8033742851741042e-35,3.394381483281877,0.0,1.8033742851741042e-35,140
8,8,True,rings_spatial_exact,3.394381483281877,1.8033742851741042e-35,3.394381483281877,0.0,1.8033742851741042e-35,141
8,8,True,rings_spatial_exact,3.394381483281877,1.8033742851741042e-35,3.394381483281877,0.0,1.8033742851741042e-35,142
8,8,True,rings_spatial_exact,3.394381483281877,1.8033742851741042e-35,3.394381483281877,0.0,1.8033742851741042e-35,143
8,8,True,rings_spatial_exact,3.394381483281877,1.8033742851741042e-35,3.394381483281877,0.0,1.8033742851741042e-35,144
8,8,True,rings_spatial_exact,3.394381483281877,1.8033742851741042e-35,3.394381483281877,0.0,1.8033742851741042e-35,145
8,8,True,rings_spatial_exact,3.394381483281877,1.8033742851741042e-35,3.394381483281877,0.0,1.8033742851741042e-35,146
8,8,True,rings_spatial_exact,3.394381483281877,1.8033742851741042e-35,3.394381483281877,0.0,1.8033742851741042e-35,147
8,8,True,rings_spatial_exact,3.394381483281877,1.8033742851741042e-35,3.394381483281877,0.0,1.8033742851741042e-35,148
8,8,True,rings_spatial_exact,3.394381483281877,1.8033742851741042e-35,3.394381483281877,0.0,1.8033742851741042e-35,149
8,8,True,rings_spatial_exact,3.394381483281877,1.8033742851741042e-35,3.394381483281877,0.0,1.8033742851741042e-35,150
8,8,True,rings_spatial_exact,3.394381483281877,1.8033742851741042e-35,3.394381483281877,0.0,1.8033742851741042e-35,151
8,8,True,rings_spatial_exact,3.394381483281877,1.8033742851741042e-35,3.394381483281877,0.0,1.8033742851741042e-35,152
8,8,True,rings_spatial_exact,3.394381483281877,1.8033742851741042e-35,3.394381483281877,0.0,1.8033742851741042e-35,153
8,8,True,rings_spatial_exact,3.394381483281877,1.8033742851741042e-35,3.394381483281877,0.0,1.8033742851741042e-35,154
8,8,True,rings_spatial_exact,3.394381483281877,1.8033742851741042e-35,3.394381483281877,0.0,1.8033742851741042e-35,155
8,8,True,rings_spatial_exact,3.394381483281877,1.8033742851741042e-35,3.394381483281877,0.0,1.8033742851741042e-35,156
8,8,True,rings_spatial_exact,3.394381483281877,1.8033742851741042e-35,3.394381483281877,0.0,1.8033742851741042e-35,157
8,8,True,rings_spatial_exact,3.394381483281877,1.8033742851741042e-35,3.394381483281877,0.0,1.8033742851741042e-35,158
8,8,True,rings_spatial_exact,3.394381483281877,1.8033742851741042e-35,3.394381483281877,0.0,1.8033742851741042e-35,159
8,8,True,rings_spatial_exact,3.394381483281877,1.8033742851741042e-35,3.394381483281877,0.0,1.8033742851741042e-35,160
8,8,True,rings_spatial_exact,3.394381483281877,1.8033742851741042e-35,3.394381483281877,0.0,1.8033742851741042e-35,161
8,8,True,rings_spatial_exact,3.394381483281877,1.8033742851741042e-35,3.394381483281877,0.0,1.8033742851741042e-35,162
8,8,True,rings_spatial_exact,3.394381483281877,1.8033742851741042e-35,3.394381483281877,0.0,1.8033742851741042e-35,163
8,8,True,rings_spatial_exact,3.394381483281877,1.8033742851741042e-35,3.394381483281877,0.0,1.8033742851741042e-35,164
8,8,True,rings_spatial_exact,3.394381483281877,1.8033742851741042e-35,3.394381483281877,0.0,1.8033742851741042e-35,165
8,8,True,rings_spatial_exact,3.394381483281877,1.8033742851741042e-35,3.394381483281877,0.0,1.8033742851741042e-35,166
8,8,True,rings_spatial_exact,3.394381483281877,1.8033742851741042e-35,3.394381483281877,0.0,1.8033742851741042e-35,167
8,8,True,rings_spatial_exact,3.394381483281877,1.8033742851741042e-35,3.394381483281877,0.0,1.8033742851741042e-35,168
8,8,True,rings_spatial_exact,3.394381483281877,1.8033742851741042e-35,3.394381483281877,0.0,1.8033742851741042e-35,169
8,8,True,rings_spatial_exact,3.394381483281877,1.8033742851741042e-35,3.394381483281877,0.0,1.8033742851741042e-35,170
8,8,True,rings_spatial_exact,3.394381483281877,1.8033742851741042e-35,3.394381483281877,0.0,1.8033742851741042e-35,171
8,8,True,rings_spatial_exact,3.394381483281877,1.8033742851741042e-35,3.394381483281877,0.0,1.8033742851741042e-35,172
8,8,True,rings_spatial_exact,3.394381483281877,1.8033742851741042e-35,3.394381483281877,0.0,1.8033742851741042e-35,173
8,8,True,rings_spatial_exact,3.394381483281877,1.8033742851741042e-35,3.394381483281877,0.0,1.8033742851741042e-35,174
8,8,True,rings_spatial_exact,3.394381483281877,1.8033742851741042e-35,3.394381483281877,0.0,1.8033742851741042e-35,175
8,8,True,rings_spatial_exact,3.394381483281877,1.8033742851741042e-35,3.394381483281877,0.0,1.8033742851741042e-35,176
8,8,True,rings_spatial_exact,3.394381483281877,1.8033742851741042e-35,3.394381483281877,0.0,1.8033742851741042e-35,177
8,8,True,rings_spatial_exact,3.394381483281877,1.8033742851741042e-35,3.394381483281877,0.0,1.8033742851741042e-35,178
8,8,True,rings_spatial_exact,3.394381483281877,1.8033742851741042e-35,3.394381483281877,0.0,1.8033742851741042e-35,179
8,8,True,rings_spatial_exact,3.394381483281877,1.8033742851741042e-35,3.394381483281877,0.0,1.8033742851741042e-35,180
8,8,True,rings_spatial_exact,3.394381483281877,1.8033742851741042e-35,3.394381483281877,0.0,1.8033742851741042e-35,181
8,8,True,rings_spatial_exact,3.394381483281877,1.8033742851741042e-35,3.394381483281877,0.0,1.8033742851741042e-35,182
8,8,True,rings_spatial_exact,3.394381483281877,1.8033742851741042e-35,3.394381483281877,0.0,1.8033742851741042e-35,183
8,8,True,rings_spatial_exact,3.394381483281877,1.8033742851741042e-35,3.394381483281877,0.0,1.8033742851741042e-35,184
8,8,True,rings_spatial_exact,3.394381483281877,1.8033742851741042e-35,3.394381483281877,0.0,1.8033742851741042e-35,185
8,8,True,rings_spatial_exact,3.394381483281877,1.8033742851741042e-35,3.394381483281877,0.0,1.8033742851741042e-35,186
8,8,True,rings_spatial_exact,3.394381483281877,1.8033742851741042e-35,3.394381483281877,0.0,1.8033742851741042e-35,187
8,8,True,rings_spatial_exact,3.394381483281877,1.8033742851741042e-35,3.394381483281877,0.0,1.8033742851741042e-35,188
8,8,True,rings_spatial_exact,3.394381483281877,1.8033742851741042e-35,3.394381483281877,0.0,1.8033742851741042e-35,189
8,8,True,rings_spatial_exact,3.394381483281877,1.8033742851741042e-35,3.394381483281877,0.0,1.8033742851741042e-35,190
8,8,True,rings_spatial_exact,3.394381483281877,1.8033742851741042e-35,3.394381483281877,0.0,1.8033742851741042e-35,191
8,8,True,rings_spatial_exact,3.394381483281877,1.8033742851741042e-35,3.394381483281877,0.0,1.8033742851741042e-35,192
8,8,True,rings_spatial_exact,3.394381483281877,1.8033742851741042e-35,3.394381483281877,0.0,1.8033742851741042e-35,193
8,8,True,rings_spatial_exact,3.394381483281877,1.8033742851741042e-35,3.394381483281877,0.0,1.8033742851741042e-35,194
8,8,True,rings_spatial_exact,3.394381483281877,1.8033742851741042e-35,3.394381483281877,0.0,1.8033742851741042e-35,195
8,8,True,rings_spatial_exact,3.394381483281877,1.8033742851741042e-35,3.394381483281877,0.0,1.8033742851741042e-35,196
8,8,True,rings_spatial_exact,3.394381483281877,1.8033742851741042e-35,3.394381483281877,0.0,1.8033742851741042e-35,197
8,8,True,rings_spatial_exact,3.394381483281877,1.8033742851741042e-35,3.394381483281877,0.0,1.8033742851741042e-35,198
8,8,True,rings_spatial_exact,3.394381483281877,1.8033742851741042e-35,3.394381483281877,0.0,1.8033742851741042e-35,199
